-- phpMyAdmin SQL Dump
-- version 4.8.1
-- https://www.phpmyadmin.net/
--
-- Host: 127.0.0.1
-- Generation Time: Sep 23, 2018 at 02:42 AM
-- Server version: 10.1.33-MariaDB
-- PHP Version: 7.2.6

SET SQL_MODE = "NO_AUTO_VALUE_ON_ZERO";
SET AUTOCOMMIT = 0;
START TRANSACTION;
SET time_zone = "+00:00";


/*!40101 SET @OLD_CHARACTER_SET_CLIENT=@@CHARACTER_SET_CLIENT */;
/*!40101 SET @OLD_CHARACTER_SET_RESULTS=@@CHARACTER_SET_RESULTS */;
/*!40101 SET @OLD_COLLATION_CONNECTION=@@COLLATION_CONNECTION */;
/*!40101 SET NAMES utf8mb4 */;

--
-- Database: `cbt`
--

-- --------------------------------------------------------

--
-- Table structure for table `answer`
--

CREATE TABLE `answer` (
  `id` int(11) NOT NULL,
  `course_registration_id` int(11) NOT NULL,
  `exam_question_id` int(11) NOT NULL,
  `text` text,
  `date` timestamp NOT NULL DEFAULT CURRENT_TIMESTAMP
) ENGINE=InnoDB DEFAULT CHARSET=latin1;

--
-- Dumping data for table `answer`
--

INSERT INTO `answer` (`id`, `course_registration_id`, `exam_question_id`, `text`, `date`) VALUES
(1, 2, 5, NULL, '2018-07-17 11:54:31'),
(2, 2, 6, 'Hi', '2018-07-17 11:54:36'),
(3, 2, 5, NULL, '2018-07-20 13:06:52'),
(4, 2, 5, NULL, '2018-07-22 06:20:03'),
(5, 2, 6, NULL, '2018-07-22 06:20:05'),
(6, 2, 5, NULL, '2018-07-22 06:21:33'),
(7, 2, 6, NULL, '2018-07-22 06:21:34'),
(8, 2, 5, NULL, '2018-07-23 11:42:48'),
(9, 2, 0, NULL, '2018-07-23 11:42:57'),
(10, 2, 5, NULL, '2018-07-23 11:45:01'),
(11, 2, 0, NULL, '2018-07-23 11:45:03'),
(12, 2, 5, NULL, '2018-09-17 13:53:31'),
(13, 2, 5, NULL, '2018-09-17 14:31:00'),
(14, 2, 5, NULL, '2018-09-17 14:34:27'),
(15, 2, 5, NULL, '2018-09-22 21:55:09'),
(16, 2, 0, NULL, '2018-09-22 21:55:11'),
(17, 2, 5, NULL, '2018-09-22 22:03:46'),
(18, 2, 0, NULL, '2018-09-22 22:03:48'),
(19, 2, 5, NULL, '2018-09-22 22:12:06'),
(20, 2, 0, NULL, '2018-09-22 22:12:07'),
(21, 2, 5, NULL, '2018-09-22 22:18:21'),
(22, 2, 0, NULL, '2018-09-22 22:18:22'),
(23, 8, 5, NULL, '2018-09-23 00:39:39'),
(24, 8, 0, NULL, '2018-09-23 00:39:41');

-- --------------------------------------------------------

--
-- Table structure for table `assignment_answer`
--

CREATE TABLE `assignment_answer` (
  `id` int(11) NOT NULL,
  `teacher_id` int(11) NOT NULL,
  `name` varchar(30) NOT NULL,
  `file` blob NOT NULL,
  `type` varchar(4) NOT NULL,
  `question_id` int(11) NOT NULL,
  `student_id` varchar(20) NOT NULL,
  `score` int(3) NOT NULL DEFAULT '0',
  `marked` enum('true','false','','') NOT NULL DEFAULT 'false'
) ENGINE=InnoDB DEFAULT CHARSET=latin1;

--
-- Dumping data for table `assignment_answer`
--

INSERT INTO `assignment_answer` (`id`, `teacher_id`, `name`, `file`, `type`, `question_id`, `student_id`, `score`, `marked`) VALUES
(1, 1, 'Aduchie Oluoma Precious', 0x5768617420697320746865206e616d65206f662074686520707265736964656e74206f6620746865206665646572616c2072657075626c6963206f66206e6967657269613f0d0a4962726168696d20626162616e676964610d0a6162647573616c616d2061627562616b61720d0a4d7568616d6d616475206275686172690d0a0d0a49662061203d203120616e642062203d32207768617420697320633f0d0a330d0a340d0a350d0a360d0a0d0a496620796f7520617265206e6f74207374757069642c20776861742061726520796f753f0d0a696e74656c6c6967656e740d0a706f77657266756c0d0a726963680d0a706f6f720d0a0d0a0d0a5768617420697320746865206e616d65206f66207468652063757272656e637920696e204768616e613f0d0a6b756d6173690d0a616b776162610d0a636564690d0a6b6967616c690d0a0d0a0d0a, 'txt', 1, '2008196767', 7, 'true'),
(2, 1, 'Aduchie Oluoma Precious', 0x5768617420697320746865206e616d65206f662074686520707265736964656e74206f6620746865206665646572616c2072657075626c6963206f66206e6967657269613f0d0a4962726168696d20626162616e676964610d0a6162647573616c616d2061627562616b61720d0a4d7568616d6d616475206275686172690d0a0d0a49662061203d203120616e642062203d32207768617420697320633f0d0a330d0a340d0a350d0a360d0a0d0a496620796f7520617265206e6f74207374757069642c20776861742061726520796f753f0d0a696e74656c6c6967656e740d0a706f77657266756c0d0a726963680d0a706f6f720d0a0d0a0d0a5768617420697320746865206e616d65206f66207468652063757272656e637920696e204768616e613f0d0a6b756d6173690d0a616b776162610d0a636564690d0a6b6967616c690d0a0d0a0d0a, 'txt', 2, '2008196767', 3, 'false'),
(3, 1, 'Aduchie Oluoma Precious', 0x4343452c3231382e302c20302e30302c3230302e302c3132302e300d0a4350452c3231382e302c3237332e302c3231302e302c3132302e300d0a4353452c3231382e302c3134312e302c3231302e302c3132302e300d0a, 'txt', 3, '2008196767', 0, 'false');

-- --------------------------------------------------------

--
-- Table structure for table `assignment_question`
--

CREATE TABLE `assignment_question` (
  `id` int(11) NOT NULL,
  `teacher_id` int(5) NOT NULL,
  `question` text NOT NULL,
  `picture` blob,
  `type` varchar(3) DEFAULT NULL,
  `deadline` datetime NOT NULL
) ENGINE=InnoDB DEFAULT CHARSET=latin1;

--
-- Dumping data for table `assignment_question`
--

INSERT INTO `assignment_question` (`id`, `teacher_id`, `question`, `picture`, `type`, `deadline`) VALUES
(1, 1, 'What is the name of the president of the federal republic of nigeria?', NULL, NULL, '2018-07-17 08:00:00'),
(2, 1, 'If a = 1 and b =2 what is c?', NULL, NULL, '2018-07-17 08:00:00'),
(3, 1, 'If you are not stupid, what are you?', NULL, NULL, '2018-07-17 08:00:00'),
(4, 1, 'What is the name of the currency in Ghana?', NULL, NULL, '2018-07-17 08:00:00');

-- --------------------------------------------------------

--
-- Table structure for table `course`
--

CREATE TABLE `course` (
  `id` int(11) NOT NULL,
  `course_code` varchar(10) NOT NULL,
  `course_title` varchar(40) NOT NULL
) ENGINE=InnoDB DEFAULT CHARSET=latin1;

--
-- Dumping data for table `course`
--

INSERT INTO `course` (`id`, `course_code`, `course_title`) VALUES
(1, 'CSC 101', 'Introduction to Computer Science'),
(2, 'CSC 103', 'System Architecture');

-- --------------------------------------------------------

--
-- Table structure for table `course_registration`
--

CREATE TABLE `course_registration` (
  `id` int(11) NOT NULL,
  `reg_number` varchar(20) NOT NULL,
  `teacher_id` int(11) NOT NULL,
  `result` int(3) NOT NULL,
  `status` enum('open','close','','') NOT NULL DEFAULT 'close'
) ENGINE=InnoDB DEFAULT CHARSET=latin1;

--
-- Dumping data for table `course_registration`
--

INSERT INTO `course_registration` (`id`, `reg_number`, `teacher_id`, `result`, `status`) VALUES
(1, '2008287481', 1, 0, 'close'),
(2, '2008287481', 2, 0, 'close'),
(5, '2008287482', 1, 0, 'close'),
(6, '2008287484', 1, 0, 'close'),
(7, '2008287485', 1, 0, 'open'),
(8, '2008287484', 2, 0, 'close'),
(9, '2008287485', 2, 0, 'open');

-- --------------------------------------------------------

--
-- Table structure for table `document`
--

CREATE TABLE `document` (
  `id` int(11) NOT NULL,
  `teacher_id` int(11) NOT NULL,
  `name` varchar(30) NOT NULL,
  `file` blob NOT NULL,
  `type` text NOT NULL,
  `date_created` timestamp NOT NULL DEFAULT CURRENT_TIMESTAMP
) ENGINE=InnoDB DEFAULT CHARSET=latin1;

--
-- Dumping data for table `document`
--

INSERT INTO `document` (`id`, `teacher_id`, `name`, `file`, `type`, `date_created`) VALUES
(1, 1, 'questionaire.docx', 0x504b030414000600080000002100dfa4d26c5a01000020050000130008025b436f6e74656e745f54797065735d2e786d6c20a2040228a000020000000000000000000000000000000000000000000000000000000000000000000000000000000000000000000000000000000000000000000000000000000000000000000000000000000000000000000000000000000000000000000000000000000000000000000000000000000000000000000000000000000000000000000000000000000000000000000000000000000000000000000000000000000000000000000000000000000000000000000000000000000000000000000000000000000000000000000000000000000000000000000000000000000000000000000000000000000000000000000000000000000000000000000000000000000000000000000000000000000000000000000000000000000000000000000000000000000000000000000000000000000000000000000000000000000000000000000000000000000000000000000000000000000000000000000000000000000000000000000000000000000000000000000000000000000000000000000000000000000000000000000000000000000000000000000000000000000000000000000000000000000000000000000000000000000000000000000000000000000000000000000000000000000000000000000000000000000000000000000000000000000000000000000000000000000000000000000000000000000000000000b494cb6ec2301045f795fa0f91b75562e8a2aa2a028b3e962d52e907187b0256fd92c7bcfebe1302515501910a6c222533f7de3356c683d1da9a6c0911b57725eb173d9681935e69372bd9d7e42d7f641926e19430de41c936806c34bcbd194c36013023b5c392cd530a4f9ca39c831558f8008e2a958f56247a8d331e84fc1633e0f7bdde0397de2570294fb5071b0e5ea0120b93b2d7357d6e48221864d973d35867954c8460b41489ea7ce9d49f947c97509072db83731df08e1a183f9850578e07ec741f7434512bc8c622a67761a98baf7c545c79b9b0a42c4edb1ce0f455a525b4fada2d442f0191cedc9aa2ad58a1dd9eff2807a68d01bc3c45e3db1d0f2991e01a003be74e84154c3faf46f1cbbc13a4a2dc89981ab83c466bdd09916803a179f6cfe6d8da9c8aa4ce71f40169a3e33fc6deaf6cadce69e00031e9d37f5d9b48d667cf07f56da0401dc8e6dbfb6df8030000ffff0300504b0304140006000800000021001e911ab7ef0000004e0200000b0008025f72656c732f2e72656c7320a2040228a000020000000000000000000000000000000000000000000000000000000000000000000000000000000000000000000000000000000000000000000000000000000000000000000000000000000000000000000000000000000000000000000000000000000000000000000000000000000000000000000000000000000000000000000000000000000000000000000000000000000000000000000000000000000000000000000000000000000000000000000000000000000000000000000000000000000000000000000000000000000000000000000000000000000000000000000000000000000000000000000000000000000000000000000000000000000000000000000000000000000000000000000000000000000000000000000000000000000000000000000000000000000000000000000000000000000000000000000000000000000000000000000000000000000000000000000000000000000000000000000000000000000000000000000000000000000000000000000000000000000000000000000000000000000000000000000000000000000000000000000000000000000000000000000000000000000000000000000000000000000000000000000000000000000000000000000000000000000000000000000000000000000000000000000000000000000000000000000000000000000000000000ac92c16ac3300c40ef83fd83d1bd51dac118a34e2f63d0db18d907085b494c13dbd86ad7fefd3cd8d8025de96147cbd2d393d07a739c4675e0945df01a96550d8abd09d6f95ec35bfbbc78009585bca53178d670e20c9be6f666fdca234929ca838b59158acf1a0691f88898cdc013e52a44f6e5a70b692229cfd46324b3a39e7155d7f7987e33a09931d5d66a485b7b07aa3d45be861dbace197e0a663fb197332d908fc2deb25dc454ea93b8328d6a29f52c1a6c302f259c9162ac0a1af0bcd1ea7aa3bfa7c589852c09a109892ffb7c665c125afee78ae6193f36ef2159b45fe16f1b9c5d41f3010000ffff0300504b030414000600080000002100d664b351f4000000310300001c000801776f72642f5f72656c732f646f63756d656e742e786d6c2e72656c7320a2040128a0000100000000000000000000000000000000000000000000000000000000000000000000000000000000000000000000000000000000000000000000000000000000000000000000000000000000000000000000000000000000000000000000000000000000000000000000000000000000000000000000000000000000000000000000000000000000000000000000000000000000000000000000000000000000000000000000000000000000000000000000000000000000000000000000000000000000000000000000000000000000000000000000000000000000000000000000000000000000000000000000000000000000000000000000000000000000ac92cb6ac3301045f785fe83987d2d3b7d5042e46c4a21dbd6fd00451e3fa82c09cdf4e1bfaf4849ebd060baf072ae9873cf8036dbcfc18a778cd47ba7a0c87210e88caf7bd72a78a91eafee41106b576beb1d2a1891605b5e5e6c9ed06a4e4bd4f58144a23852d03187b594643a1c34653ea04b2f8d8f83e634c656066d5e758b7295e777324e19509e30c5ae561077f535886a0cf81fb66f9adee083376f033a3e53213f70ff8ccce9384a581d5b640593304b4490e745564b8ad01f8b6332a7502caac0a3c5a9c0619eabbf5db29ed32efeb61fc6efb09873b859d2a1f18e2bbdb7138f9fe828214f3e7af9050000ffff0300504b030414000600080000002100f9f70ff22c0400002f10000011000000776f72642f646f63756d656e742e786d6cbc575b6fe238147e5f69ff8395a7dd8736249040a3c2a8058a3a5267aaed8efa38328943bcc476643b50f6d7ef712e5c9a0e1360b42f497c7ccee773f97cecdc7e7a63295a11a9a8e043cbb9ee5888f05044942f86d6b7bf1fae0616521af308a78293a1b521cafa34fafdb7db7510893067846b04105c05eb2c1c5a89d65960db2a4c08c3ea9ad1500a25627d1d0a668b38a621b1d74246b6db713ac5572645489482f5c698afb0b22ab8f0ad1d5a24f11a8c0d60cf0e132c3579db6138278378f68d3d6802b967004184aed384ea9e0ce5dbc6ab0650ef2c20f0aa81e49d87f44170fe79486e13a97f1e52b78934380fa94127d624b8c80887c9584886350ce5c266582ef3ec0a8033ace99ca6546f00b3e3d73098f2e5191e81d5168175a39311fa36131149bb518d2286562e7950d95f6ded8deb41695fbd6a0bd926fed26452358722725b92147221b84a68b6dde1ec5c34984c6a90d5b120562cadf5d699d372bbfca83d4dca54ee00dbb85fe59fa5a5e7c7119d4e8b8a1888ad451b170ed7ac3d61c0c2ddc267a5662fb94ecb065203b80d003fa42d295d6394d98478c0720f4791d360bc1a466dd86eabafb3c5656c994991673b347a19dae36eefafcd297c0256c5bafd9da02e73e625c119b40416068f0b2e249ea7e0117008010d505101f384aa20b3e9ac115c15e622da98770633bd20c3123f42b55dd7736f7c1fae1c460a8d561b69a7eb0f9c49d7036900d792e82f1075a60f1dafd7dd8a2624c679aacdccbdef763b5be5e73d9159509a871e3d8d6f6df336cf4254caf1dc2ee75f13ac115548270471cc081271f1fd2c09809a3b0e08bed005911423ca8bb90dc112417e9de3d07f1c9ffe9ae68a2c728ebeceb1c2fc1ff163f55a049510f1544a08596f32c8bdca489abe6838abac02b50a7a264494e6e1f21de2c7e6531eed1b1bae042ac321cc6790042257c41aa1cf8243efc5fc784c4f22c18c9108dde77080d23f0fb4e19935a9e079dec3dd783039a4827be7b983eed83fa0c261c17f35153e0e7c9f1f5f2a7eb00d6a95d9666162bc12b9a49afcc2cac450ec8b882861cb1fd79813ccd571950d66c71562aa92e31a6bac896c45994e6f72e34f4d53d8a34cff660a4da53ff81f2903ec10688d4b76c4542a8d9e30f4088114a62982838047c51cb4d1f4a2227d5cfb7122a9d2224b883c9791a148059be7efabdb8a905bdf6704ae1b04bd62b8e5f185163fe912771166d05012ae7ea6f904158fa0f31cd73250e89586cb43f298c3472ccda5bc081b4231170d73e604a6d30fadef33718fc3651952ad0b316e35cbd65b305091503f9b74bca75691adc5cbbf30059732c7757bc50a097c7b835e8161142012934b017747a757aa48ba48f46e38175a0bb61ba724de9b4d088e08dcc2fb6e31844daff7868b5c17c36a3928aa0269c517a35388e1b77d26cde11ca4949367aa43f0b2ebd7719621169fe5a96deffef447ff010000ffff0300504b030414000600080000002100b6f46798d2060000c920000015000000776f72642f7468656d652f7468656d65312e786d6cec594b8b1b4710be07f21f86b9cb7acde861ac35d248f26bd736deb5838fbd526ba6ad9e69d1dddab53086609f7209049c90430cb9e510420c31c4e4921f63b0499c1f91ea1e49332df5c48f5d8309bb82553fbeaafebaaababa3473e1e2fd983a47980bc2928e5b3d57711d9c8cd8982461c7bd7d302cb55c4748948c116509eeb80b2cdc8b3b9f7f76019d97118eb103f289388f3a6e24e5ec7cb92c46308cc43936c309cc4d188f91842e0fcb638e8e416f4ccbb54aa5518e11495c274131a8bd31999011760e944a7767a57c40e15f22851a1851beaf5463434263c7d3aafa120b1150ee1c21da71619d313b3ec0f7a5eb5024244c74dc8afe73cb3b17ca6b212a0b64737243fdb7945b0a8ca7352dc7c3c3b5a0e7f95ea3bbd6af01546ee306cd4163d058ebd300341ac14e532ea6ce662df096d81c286d5a74f79bfd7ad5c0e7f4d7b7f05d5f7d0cbc06a54d6f0b3f1c06990d73a0b4e96fe1fd5ebbd737f56b50da6c6ce19b956edf6b1a780d8a2849a65be88adfa807abddae2113462f5be16ddf1b366b4b78862ae7a22b954f6451acc5e81ee3430068e7224912472e66788246800b1025879c38bb248c20f066286102862bb5cab05287ffeae3e996f6283a8f514e3a1d1a89ad21c5c711234e66b2e35e05ad6e0ef2eac58b978f9ebf7cf4fbcbc78f5f3efa75b9f6b6dc65948479b9373f7df3cfd32f9dbf7ffbf1cd936fed7891c7bffee5abd77ffcf95feaa541ebbb67af9f3f7bf5fdd77ffdfcc402ef727498871f90180be73a3e766eb118366859001ff2f793388810c94b749350a00429190b7a2023037d7d8128b2e07ad8b4e31d0ee9c206bc34bf6710de8ff85c120bf05a141bc03dc6688f71eb9eaea9b5f2569827a17d713ecfe36e2174645b3bd8f0f2603e83b827369541840d9a3729b81c8538c1d251736c8ab145ec2e21865df7c88833c126d2b94b9c1e2256931c9043239a32a1cb2406bf2c6c04c1df866df6ee383d466deafbf8c844c2d940d4a61253c38c97d05ca2d8ca18c5348fdc4532b291dc5ff091617021c1d321a6cc198cb11036991b7c61d0bd0669c6eef63dba884d2497646a43ee22c6f2c83e9b06118a6756ce2489f2d82b620a218a9c9b4c5a4930f384a83ef8012585eebe43b0e1eeb79feddb9086ec01a266e6dc76243033cfe3824e10b629eff2d848b15d4eacd1d19b874668ef624cd1311a63ecdcbe62c3b39961f38cf4d508b2ca656cb3cd5564c6aaea275840ada48a1b8b63893042761f87ac80cfde6223f12c5012235ea4f9fad40c99015c75b1355ee9686aa452c2d5a1b593b82162637f855a6f46c8082bd517f6785d70c37fef72c640e6de07c8e0f79681c4feceb63940d458200b98030455862ddd8288e1fe4c441d272d36b7ca4dcc439bb9a1bc51f4c424796b05b451fbf81faff6810ae3d50f4f2dd8d3a977ecc093543a45c964b3be29c26d563501e363f2e917357d344f6e62b8472cd0b39ae6aca6f9dfd73445e7f9ac9239ab64ce2a19bbc847a864b2e2453f025a3de8d15ae2c2a73e1342e9be5c50bc2b74d923e0ec8f8730a83b5a68fd9069164173b99c810b39d26d8733f90591d17e8466b04c55af108aa5ea50383326a070d2c356dd6a82cee33d364e47abd5d5734d1040321b87c26b350e659a4c471bcdec01de5abdee85fa41eb8a80927d1f12b9c54c12750b89e66af02d24f4ce4e8545dbc2a2a5d417b2d05f4bafc0e5e420f548dcf75246106e10d263e5a7547ee5dd53f7749131cd6dd72cdb6b2baea7e36983442edc4c12b9308ce0f2d81c3e655fb733971af49429b669345b1fc3d72a896ce4069a983de718ce5cdd07352334ebb813f8c904cd7806fa84ca54888649c71dc9a5a13f24b3ccb8907d24a214a6a7d2fdc74462ee501243ace7dd40938c5bb5d6547bfc44c9b52b9f9ee5f457dec97832c12359309275612e55629d3d215875d81c48ef47e363e790cef92d0486f29b5565c03111726dcd31e1b9e0ceacb891ae9647d178df921d514467115ade28f9649ec2757b4d27b70fcd747357667fb999c35039e9c4b7eedb85d4442e69165c20ead6b4e78f8f77c9e7586579df6095a6eecd5cd75ee5baa25be2e417428e5ab698414d31b650cb464d6aa75810e4965b8766d11d71dab7c166d4aa0b625557eaded68b6d76780f22bf0fd5ea9c4aa1a9c2af168e82d52bc93413e8d15576b92f9d39271df741c5ef7a41cd0f4a95963f287975af526af9dd7aa9ebfbf5eac0af56fabdda43308a8ce2aa9fae3d841ffb74b17c6fafc7b7deddc7ab52fbdc88c565a6ebe0b216d6efeeabb5e277f70e01cb3c68d486ed7abbd728b5ebdd61c9ebf75aa576d0e895fa8da0d91ff603bfd51e3e749d230df6baf5c06b0c5aa54635084a5ea3a2e8b7daa5a657ab75bd66b735f0ba0f97b6869dafbe57e6d5bc76fe050000ffff0300504b0304140006000800000021003d8be19ff0030000e20a000011000000776f72642f73657474696e67732e786d6cb456df6f1a39107e3fe9fe07b4cf476061d926ab922a90704915ae5597ea9ebd6b2f58f12fd95e083dddff7e63af1d485355e4aabc803ddfcc37e3f1cc78df7f78e4acb725da5029a6497a364c7a44d41253b19e265f578bfe79d23316098c9814649aec89493e5cfefedbfb5d6188b5a0667a40214cc1eb69b2b156158381a937842373261511003652736461abd7038ef443abfab5e40a595a5146ed7e301a0ef324d0c869d26a51048a3ea7b5964636d69914b269684dc25fb4d0a7f8ed4cae65dd7222acf738d084410c52980d5526b2f1ffcb06e026926c7f76882d67516f970e4f38ee4e6afc64714a78ce4069591363e082388b015271709cbd207af27d06bec3113d1598a743bf3a8e7cf23a82d10b82bca6f8751c79e01880e5118f21afa399441ab3e7e4311219764a6a3be89e561ae9ae70435e795ddcad85d4a862100ee4b70729eaf9e8dcaf8bf8129ae69b94bcb72b14d135540e74dc70980c1c00f7259bd2220bea85518431df82352308d877c55a230ecd1325de069306b5ccae50555aa940698be010ef4681b2de208d6a4b74a9500d6c7329ac962cea61f997b47368440d75122c7c5b1e5665d7e260211087633d6bdba5c4c445d66a7a7afe9d81f79e4e8e5d7eef48c248d21493954b6769f78c2c20f8927e2357027f6c8da5c0e89bf71722f859004438cf9fa000567b451604d916d2f446cefc4d2c18554baab5d47702436dbc9933da344483030ab5b684f2a15aee7c9e6f09c2f012bc91dfd690bf4119fa6fbc82b27c98496b25bfddab0de4fad76ed2d7fbe0b87ce13dc3262ebe48699f5487b37c341e86e273e829c8cd6238c9c6c14be0e6859bf89f755cb902edf1ce628e78a529ea2ddd9b30701a957e985111f18ac04c21c748d95611ecf73bc070c4d8025215017f4c5e606ad43569fc9a2d915e1f788386fea114a6c5c7272e377d88fe53cb5675e84e23d5155e5449b32c585261ef298f72d35665b41230058fa056e04f5bedf37448cfaeb07091be81ef912f08af4b44ff6b190a86e9d25d365922a5ba9aa9d6e9346174bdb1a9bb660b3b0c9f0e7e53ad47011b796cd4617e836a7732d00e8b836c1465477ae3281b1f6459946507d924ca2607591e65b9936d604a6818d90f50be71e9e48d644cee08be3de02f445d12cc062972dd4d74282fd909c28837bd6d411ee1bd20985af822531473f4e89e8f51eecc8336437bd9da67ba0e73caea3903461685861d3c33f625fe5d2ceea5a9299463b9e7d5e10139eb0267d440b32b786bacd411fbc36369566059df4127c1cacbb32ccdce17e38b0e9ef837cafa7900f7fe85343364080e58349d74a6ffa43757f33ccdf27ebec8d37e363f5ff42f2eaeaffb59369ee5e9d5fce6fce2ddbfa149e3c7e9e57f000000ffff0300504b0304140006000800000021001b9210c8c50100008b05000012000000776f72642f666f6e745461626c652e786d6cdc92db8adb301086ef0b7d07a1fb8d6527ce6ecd3a4b0f1b28945e2cdb075014d916d5c1689478f3f61dc94e5a1a16d637bda80d42fa67e61be967ee1f5e8c2647e941395bd37cc1289156b8bdb26d4d7f3c6f6fee2881c0ed9e6b67654d4f12e8c3e6fdbbfba16a9c0d40b0de4265444dbb10fa2acb4074d27058b85e5a0c36ce1b1ef0e8dbcc70fff3d0df08677a1ed44e69154e59c1d89a4e18ff168a6b1a25e417270e46da90ea332f35129d854ef570a60d6fa10dceef7bef8404c0371b3df20c57f682c9575720a38477e09ab0c0c74c374a282ccf59da19fd1b50ce03145780b550fb798cf5c4c8b0f20f0ec87998f28c8193912f9418517d6dadf37ca79184d6107c1d49e0b8c6669b6936c850596e30eb33d76ae7550af4dc3a9039c68e5cd794156ccb4a5ce3bf62cbb8d22c268a8e7b90113226b2516eb851fa745661500063a057417467fdc8bd8a371c43a05a0c1c60c76afac8182b3e6eb7745472bc5d5456b79f26a588bdd2f761529617854545244e3ae6234724ce25077b66a303574e3c2b23817c9703797286db571c29d81a9d28d18fe8cc7296233e71673bf2f8b723b777e53f71649a0df24db55d787542e25cfca713326d60f30b0000ffff0300504b030414000600080000002100bdd48dbf270100008f02000014000000776f72642f77656253657474696e67732e786d6c94d2cd6a02311000e07ba1ef1072d7ac52a52cae4229965e4aa1ed03c4ecac8666322113bbdaa76fdc6a7ff0e25e4226c97cc984992d76e8c40744b6e42b391a16528037545bbfaee4dbeb72702b0527ed6bedc84325f7c07231bfbe9ab5650bab1748299f649115cf259a4a6e520aa5526c36809a8714c0e7cd8622ea94c3b856a8e3fb360c0c61d0c9aeacb369afc645319547265ea250d35803f764b6083e75f92a82cb2279ded8c027adbd446b29d6219201e65c0fba6f0fb5f53fcce8e60c426b22313569988b39bea8a372faa8e866e87e81493f607c064c8dadfb19d3a3a172e61f87a11f333931bc47d84981a67c5c7b8a7ae5b294bf46e4ea44071fc6c365f3dc21149245fb094b8a77915a86a80ecbda396a9f9f1e72a0feb5d1fc0b0000ffff0300504b030414000600080000002100f1927f2374010000c502000010000801646f6350726f70732f6170702e786d6c20a2040128a00001000000000000000000000000000000000000000000000000000000000000000000000000000000000000000000000000000000000000000000000000000000000000000000000000000000000000000000000000000000000000000000000000000000000000000000000000000000000000000000000000000000000000000000000000000000000000000000000000000000000000000000000000000000000000000000000000000000000000000000000000000000000000000000000000000000000000000000000000000000000000000000000000000000000000000000000000000000000000000000000000000000000000000000000000000000009c52cb6ec23010bc57ea3f44b98303ad688516a30a54f5d0071201ce96b349ac3ab6659baafc7d3784a6a97a6b4e3bb3def1ecc4b0fc6c74f2813e286b16e9649ca5091a690b65aa45bacb1f47f76912a23085d0d6e0223d614897fcfa0a36de3af451614848c284455ac7e8e68c05596323c298da863aa5f58d88047dc56c592a896b2b8f0d9ac8a6593663f819d114588c5c2f98768af38ff85fd1c2cad65fd8e727477a1c726c9c1611f96b3ba981f504e4360a9dab06f91dd13d808da830f009b0ae8083f545e0b733605d05ab5a78212365c7a7339a1d6078704e2b2922a5ca5f94f436d832266f67ab493b0f6c7804c8fe16e5d1ab78e219b021846765e8fe29b0ae20635e545eb8fae2ae47b09542e38a16e7a5d00181fd10b0b28d1386e4585f91de7bd8b9dcaedb202e23bfc9c1920715ebad13922cdc4ca6c375071dd8128b05f9ef2df4043cd1cff0bad5a7595361f17de66fa30d70dfbd4a3e998d33face897d73b477ff5cf817000000ffff0300504b0304140006000800000021005688392e78010000f502000011000801646f6350726f70732f636f72652e786d6c20a2040128a00001000000000000000000000000000000000000000000000000000000000000000000000000000000000000000000000000000000000000000000000000000000000000000000000000000000000000000000000000000000000000000000000000000000000000000000000000000000000000000000000000000000000000000000000000000000000000000000000000000000000000000000000000000000000000000000000000000000000000000000000000000000000000000000000000000000000000000000000000000000000000000000000000000000000000000000000000000000000000000000000000000000000000000000000000000000008c92df6f82301080df97ec7f207d878266ce11c0644eb387992d93653fdebaf6d44e284d5b45fffb15501cd187bdddf5befb38ae8d46bb3c73b6a0342f448c02cf470e085a302e96317a4ba7ee1039da10c148560888d11e341a25d7571195212d14bca84282321cb4634d428754c668658c0c31d6740539d19e25842d2e0a95136353b5c492d0355902eef9fe00e760082386e04ae8cad6880e4a465ba5dca8ac16308a21831c84d138f0027c620da85c5f6ca82b7fc89c9bbd848be8b1d8d23bcd5bb02c4bafecd7a89d3fc01fb3a779fdab2e17d5ae28a024623434dc649044f814da486fbe7f809ae6b84d6c4c151053a8249d8c1f5f5e9f9df9e73c9dcce63577ac555b5fc3be2c14d3d6d0c92cc64053c5a5b177d9f83b0796ce8836337bb90b0eec7e7ffea973a4ea52b0e5d5fb48829a68d3e8b0ec663c608e5d52d8acf45879ef8f1fd2294a7a7e3074fd5bd7bf4b839b301884beff554dd8e93f09f3c300ff36f6fa5de351d02ca9fb50935f000000ffff0300504b030414000600080000002100c93bba5f560b0000d57100000f000000776f72642f7374796c65732e786d6cbc9d5973dbba15c7df3bd3efc0d153fb90c8bb13cf75eed84e5c7b1ae7fa4676f30c9190851a24542e5efae90b809404f910140f78ea97c45ace0fcb1f7f00879b7efbfd2595d113cf0ba1b2d3d1eec79d51c4b35825227b381ddddf5d7ef8348a8a926509932ae3a7a3575e8c7efff2d7bffcf67c5294af9217910664c5491a9f8ee665b938198f8b78ce53567c540b9ee90f672a4f59a95fe60fe394e58fd5e243acd2052bc5544851be8ef776768e460d26ef4351b39988f957155729cf4a1b3fceb9d444951573b12896b4e73eb46795278b5cc5bc2874a35359f35226b21566f700805211e7aa50b3f2a36e4c53238bd2e1bb3bf6af54ae018738c01e001cc522c1318e1ac658473a9c82e330874b4cf19af2975194c627d70f99cad9546a92ee9a48b72eb260f3af29ec8b1e1c898abff219ab64599897f96ddebc6c5ed9ff2e555616d1f3092b6221ee74653431151a7e75961562a43fe1ac28cf0ac15a3f9c9b3f5a3f898bd279fb5c246234362516ffd51f3e31793adadb5bbe73616ab0f19e64d9c3f23d9e7db89fb83571de9a6aeee988e51f26672670dc34acfedf69eee2ed2b5bf082c5c296c36625d7e37ef768c740a53036db3bfcbc7cf1b3321dcdaa5235855840fdff0a3b063daeeda0cd31a93daa3fe5b3ef2a7ee4c9a4d41f9c8e6c59facdfbebdb5ca85cfbf074f4d996a9df9cf0545c8924e199f3c56c2e12fe6bceb3fb8227ebf7ffbcb45e6ade885595e9bff78f0fed289045f2ed25e60be34cfd69c68c263f4c8034dfaec4ba701bfe9f256cb751a22d7ece99999ea2ddb7085b7d1462cf44144e6bdb99d59bb6db6fa10ada7faf820edeaba0c3f72ae8e8bd0a3a7eaf823ebd574116f3ff2c4864097fa98d088b01d46d1c8f1bd11c8fd9d01c8f97d01c8f55d01c8f13d01ccf4047733ce318cdf10c5304a754b16f143a837ddf33dabbb9dbd78830eef625218cbb7d0508e36e9ff0c3b8dbe7f730eef6e93c8cbb7df60ee36e9facf1dc7aab155d6b9b65e56097cd942a3355f2a8e42fc3692cd32c9bb3d1f0cca2c77392461260ea99ad598807d362665f6f1f21d6a4e1eb7969b2ba48cda29978a8729dea0fad38cf9eb8d44977c49244f30881392fabdcd32321633ae7339ef32ce694039b0e6a32c128abd229c1d85cb0073216cf12e2ee5b12492685d580d6f9f3dc9844100cea94c5b91a5e35c5c8e687efa218de5706129d57527222d60f9a216659c373038b199e1a58ccf0ccc0628627068e66545dd4d0887aaaa11175584323eab77a7c52f55b4323eab78646d46f0d6d78bfdd8952da29dedd75ecf63f7677219539ca3eb81e13f19031bd0118bedc34c74ca35b96b3879c2de691392add8e75db8c2de75c25afd11dc59ab62251edebed10b9d0ad165935bc43376854e65af188ecb5e211196cc51b6eb11bbd4d361bb42b9a7c66524dcb56d35a522fd34e98acea0ded70b7b172f8085b1be052e405990ddab10423f887d9ce1a392966be752d87576ccd1a6eabb7b31269f51a24412da58a1f69a6e1abd705cf755af6389874a9a454cf3ca1234eca5cd563cdb5fc9e95a497e5bfa58b392b84cd953610fd97fae5f9f9e8862d0637e8563291d1e8f6ed43ca848ce87610577737dfa33bb53069a6e9181ae0b92a4b9592319b23817ffbc5a77fa7a9e0994e82b357a2d69e111d1eb2b00b41b0c8d424951091f436536482640db5bc7ff2d7a962794243bbcd797d494cc9898813962eea4d0781b7f4bcf8ace71f82dd90e5fd8be5c21c17a232d51d09cc396c5854d37ff378f854f74345244786fea84a7bfcd16e756d341d6ef8366103377c8b60d5d4cb8319bf048dddc00d6fec068eaab117921585f09e420de6513577c9a36eeff0e4afe129a9f25925e93a700924ebc12590ac0b95acd2aca06cb1e51136d8f2a8db4b38642c8fe0909ce5fd23170999181646a5848551c96061541a5818a900c3afd07160c32fd37160c3afd5a961445b00074635ce48977fa2b33c0e8c6a9c5918d538b330aa71666154e36cff6bc46733bd09a65b621c24d5987390740b4d56f274a17296bf1221bf49fec0080e90d6b4db5ccdccbd122aab2fe226409a63d49270b35de3a844fec5a76455332cca7a111c1165522a45746c6dbde0d8c8cd6bd7b685d93b390657e156b298cf954c78ee69933f56e7cb93fab68cb7d5b7d5e875d8f3bb789897d164be3adaef628e76b6462e13f68db0ed05b6f5f9d1f27e96b6b01b9e882a5d5614de4c71b4df3fd88ee88de083edc1eb9dc446e461cf4858e6d1f6c8f52e7923f2b867242cf353cf48ebd38dc82e3f7c65f963eb4038ee1a3fab1ccf33f88ebb46d12ab8b5d8ae81b48a6c1b82c75da368c32ad1591c9bb305509d7e9ef1c7f7338f3f1ee3223f0563273fa5b7affc882e83fde44fc2acec9849d396b7ba7a02ccfb7613dd6be6fcb352f571fb8d134efd6feabad61ba7ace0512b67bfff89ab8d59c6df8fbda71b3fa2f7bce347f49e80fc885e3391371c3525f929bde7263fa2f724e547a0672bb822e0662b188f9bad607cc86c052921b3d5805d801fd17b3be047a08d0a1168a30ed829f81128a382f020a3420adaa81081362a44a08d0a376038a3c2789c51617c88512125c4a89082362a44a08d0a1168a34204daa81081366ae0dede1b1e645448411b1522d0468508b451ed7e718051613ccea8303ec4a89012625448411b1522d0468508b45121026d5488401b1522504605e141468514b45121026d5488401bb5bed530dca8301e6754181f62544809312aa4a08d0a1168a34204daa81081362a44a08d0a1128a382f020a3420adaa81081362a44a08d6a4f160e302a8cc71915c687181552428c0a2968a34204daa81081362a44a08d0a1168a34204caa8203cc8a89082362a44a08d0a115de3b33945e9bbcc7e177fd4d37bc57eff53574da57ebab772bba8fdfea865adfcacfef7229c2bf518b5de78b86ff38d7e10319542d943d49ed3ea2ed75e12813af1f9c745f71d3e2e7de043979a7b21ec3953003fe81b098ea91c740d7937122479075d23dd8d04bbce83aed9d78d04cbe041d7a46b7db9bc28452f4720b86b9a7182773de15db3b5130ebbb86b8e7602610f77cdcc4e20ece0aef9d8093c8ccce4fc36fab0673f1dadae2f0584aee1e8108efd84ae6109b55a4ec7d0187d45f313faaae727f495d14f40e9e9c5e085f5a3d00afb516152439b61a50e37aa9f80951a1282a4069870a9212a586a880a931a4e8c58a921012b75f8e4ec2704490d30e1524354b0d4101526355ccab0524302566a48c04a3d7041f662c2a586a860a9212a4c6ab8b9c34a0d0958a921012b352404490d30e1524354b0d410152635c892d1524302566a48c04a0d094152034cb8d410152c354475496d8fa26c488d52d809c76dc29c40dc82ec04e226672730205b72a203b3258710982d41ad969ae3b22557343fa1af7a7e425f19fd04949e5e0c5e583f0aadb01f1526352e5b6a933adca87e02566a5cb6e4951a972d754a8dcb963aa5c6654b7ea971d9529bd4b86ca94deaf0c9d94f08921a972d754a8dcb963aa5c6654b7ea971d9529bd4b86ca94d6a5cb6d426f5c005d98b09971a972d754a8dcb96fc52e3b2a536a971d9529bd4b86ca94d6a5cb6e4951a972d754a8dcb963aa5c6654b7ea971d9529bd4b86ca94d6a5cb6d426352e5bf24a8dcb963aa5c6654b9d52e3b2a51b1d22081e013549595e4674cf8bbb62c5bc64c31f4e789fe5bc50f2892711baa9e3e78ddfac3265d85f98d3df2f7543cd63cb9d7b8c92fab1ad0dd07ef13a59fdb6940936358a9a5ff16adeb6156fceb1d625da4058543cd765c5cd03a73c45350f8e5dddf9641f1bfbb660cfd3656d45d6a366f9eda66bd7fd557f6fa3b73aeb5d9a51da51673b8a3bfba81ee8be0a7e6e9cbbad86ba3e5359ffce99fee33a4b34e0b9f98dafbaa6c90bab51faf30b2ee50dabbfad16feaf4a3e2beb4f7777ec7306de7c3ead1f99e78dcfeddcea058c372b53bf6c7e6bcdd3dff543f49b93fede2169269096eeb657a00cede975dd967f155ffe070000ffff0300504b01022d0014000600080000002100dfa4d26c5a010000200500001300000000000000000000000000000000005b436f6e74656e745f54797065735d2e786d6c504b01022d00140006000800000021001e911ab7ef0000004e0200000b00000000000000000000000000930300005f72656c732f2e72656c73504b01022d0014000600080000002100d664b351f4000000310300001c00000000000000000000000000b3060000776f72642f5f72656c732f646f63756d656e742e786d6c2e72656c73504b01022d0014000600080000002100f9f70ff22c0400002f1000001100000000000000000000000000e9080000776f72642f646f63756d656e742e786d6c504b01022d0014000600080000002100b6f46798d2060000c92000001500000000000000000000000000440d0000776f72642f7468656d652f7468656d65312e786d6c504b01022d00140006000800000021003d8be19ff0030000e20a0000110000000000000000000000000049140000776f72642f73657474696e67732e786d6c504b01022d00140006000800000021001b9210c8c50100008b050000120000000000000000000000000068180000776f72642f666f6e745461626c652e786d6c504b01022d0014000600080000002100bdd48dbf270100008f02000014000000000000000000000000005d1a0000776f72642f77656253657474696e67732e786d6c504b01022d0014000600080000002100f1927f2374010000c50200001000000000000000000000000000b61b0000646f6350726f70732f6170702e786d6c504b01022d00140006000800000021005688392e78010000f50200001100000000000000000000000000601e0000646f6350726f70732f636f72652e786d6c504b01022d0014000600080000002100c93bba5f560b0000d57100000f000000000000000000000000000f210000776f72642f7374796c65732e786d6c504b0506000000000b000b00c1020000922c00000000, 'docx', '2018-07-16 14:18:16');
INSERT INTO `document` (`id`, `teacher_id`, `name`, `file`, `type`, `date_created`) VALUES
(2, 1, 'questionaire.pdf', 0x255044462d312e370d0a25b5b5b5b50d0a312030206f626a0d0a3c3c2f547970652f436174616c6f672f50616765732032203020522f4c616e6728656e2d555329202f53747275637454726565526f6f74203130203020522f4d61726b496e666f3c3c2f4d61726b656420747275653e3e2f4d65746164617461203232203020522f566965776572507265666572656e636573203233203020523e3e0d0a656e646f626a0d0a322030206f626a0d0a3c3c2f547970652f50616765732f436f756e7420312f4b6964735b2033203020525d203e3e0d0a656e646f626a0d0a332030206f626a0d0a3c3c2f547970652f506167652f506172656e742032203020522f5265736f75726365733c3c2f466f6e743c3c2f46312035203020523e3e2f4578744753746174653c3c2f4753372037203020522f4753382038203020523e3e2f50726f635365745b2f5044462f546578742f496d616765422f496d616765432f496d616765495d203e3e2f4d65646961426f785b2030203020363132203739325d202f436f6e74656e74732034203020522f47726f75703c3c2f547970652f47726f75702f532f5472616e73706172656e63792f43532f4465766963655247423e3e2f546162732f532f537472756374506172656e747320303e3e0d0a656e646f626a0d0a342030206f626a0d0a3c3c2f46696c7465722f466c6174654465636f64652f4c656e67746820313030393e3e0d0a73747265616d0d0a789cbd58db6edb38107d37e07fe0a3b88019de44524051a071bbc106702fd8007968f741ebab5ac7d995940dfaf79da1a56e9b8aee023b5680c47648ebcc708667ce0cbb78cb9e3dbb58cc7f7bc9e4f3e7ecf2e59cfd3d9d4821f1a7509a49e6e0af2f34abd7d3c9ed2fec309d5cde4c2717bf2aa6949096dd6ca61305fb2453cc6b21b5655e162287953bd877f5bb67db069ec9b6f153e83e5d4d270c70ac0cec66f93e5bccf91fece67a3a79050f7f379dfc1f2b8217da7d6745048f98ef334607a464007f5340b7bbb26555c37891b5bb353b945ce9ec8ecf6cb666dc67f77c96679b7e9587ec2d2ed5b8694d67a23646b822656253ad789ead0f2de27706bde626abb6f8efba2ae90c31d20be347088a018490f4b83a70e548e1b4147912ae0bed673e3394513536086b8641d90c1f1b948bf7aaac297d75f0d5640c353a2921b3f15711a2062df4289953b813ee7dc828918a64fc485db2469f70e9cdfe81dbac596f1fe0ba1fe0deb3377ca6b33fe15dd9101a81de2669b23c800d1fefe9e0ba22e48a1cc9f9fcf49f00baba473e8fa4ba8203dde3192fb992d9278617e59a778b78eeb134b43b380a3ae30a23bc19e114b4825b93a78016e86bf473d7fb79c75d570657946678f0d7a7ccb8c4448f16d41565a9d1a2489ef1074e89e4844a7af7e418d9abc59cb16fa49da293760e5ef3f0b4e49c57c80d629ee5260f033d1172af218b0d64301d7a3027d00965830a01197884f32ca4287c0ae85fe58b5410b511db94488dff7ca5cc07b8ab75d546351cf972836fe35247a974cc01fac2278da5a428387e64ca61204a7da10b25ac1ac125a32dea8b04505d2d49452f28ed519c3acadc0410aaa3757920d4472638e14771ec28701340f1229684bc66552e5432dfe9556e026853353b422c68bda419c329174432291ecb36b69435a54ab7c284243b118a195b78e192f5ee676246138a995cfe28a7ce2d668630cf226652ce296ba373b784b7426913433aec5cacd858ef1fcb2616f376f74d61af6a6c425b58660bdc085d9082ededb17380770d0f5959ed6117abe1512e8a036c9bb0af3aee4369bfc6273c82a28870f59e5022180565ae1821767d3d1d06221d41688f2388115ceaaae930d07c0761adaba68dddf25fbc0b2525af292d42129f92b0a1dce924d03266ee1e5b074cead800a394c05ca69cb5e4e1c445a42f4f83241327904e1f69e68a5002da20b1649ca2993a8eae910ae8274a26c7b3fda13d2c9b5d05598c8cb485574c659f518e72742e8a143a65e1b036168e61a0172ba0d632e62dbbbeef49f710d357a97e9645d7c2c842d87c04affbf9d530509c5f9575b9eaebca715c4787eeb4b06304b76f3e8781be4e23fb98b25b74bc5a7ec2b69c7492659c70fe3f3a1cc5df176b6c713f0d0a656e6473747265616d0d0a656e646f626a0d0a352030206f626a0d0a3c3c2f547970652f466f6e742f537562747970652f54727565547970652f4e616d652f46312f42617365466f6e742f4243444545452b43616c696272692f456e636f64696e672f57696e416e7369456e636f64696e672f466f6e7444657363726970746f722036203020522f4669727374436861722033322f4c61737443686172203132312f576964746873203230203020523e3e0d0a656e646f626a0d0a362030206f626a0d0a3c3c2f547970652f466f6e7444657363726970746f722f466f6e744e616d652f4243444545452b43616c696272692f466c6167732033322f4974616c6963416e676c6520302f417363656e74203735302f44657363656e74202d3235302f436170486569676874203735302f4176675769647468203532312f4d6178576964746820313734332f466f6e74576569676874203430302f58486569676874203235302f5374656d562035322f466f6e7442426f785b202d353033202d3235302031323430203735305d202f466f6e7446696c6532203231203020523e3e0d0a656e646f626a0d0a372030206f626a0d0a3c3c2f547970652f4578744753746174652f424d2f4e6f726d616c2f636120313e3e0d0a656e646f626a0d0a382030206f626a0d0a3c3c2f547970652f4578744753746174652f424d2f4e6f726d616c2f434120313e3e0d0a656e646f626a0d0a392030206f626a0d0a3c3c2f417574686f72285445434850524f2053595354454d5329202f43726561746f7228feff004d006900630072006f0073006f0066007400ae00200057006f007200640020003200300031003629202f4372656174696f6e4461746528443a32303138303730393136323333392b30312730302729202f4d6f644461746528443a32303138303730393136323333392b30312730302729202f50726f647563657228feff004d006900630072006f0073006f0066007400ae00200057006f007200640020003200300031003629203e3e0d0a656e646f626a0d0a31372030206f626a0d0a3c3c2f547970652f4f626a53746d2f4e20392f46697273742036302f46696c7465722f466c6174654465636f64652f4c656e677468203332313e3e0d0a73747265616d0d0a789c9552d16ac230147d17fc87fb07b769ad5310614c65432ca515f6203ec47a578b6d223105fdfbe5da0e2b38d85e927b4ece39496e2242f0408c201420c6203c1fc4004418b8127cdf910202e1481fc2c1084400e18b2387108e86309960cc720f124c31c6f5f544985a5367765e5285cb0d785bc038878035d369bff7078bf8bfc57f6af15acb4c677545ca3edd8caf9f70036ed398a72db4191dfdda10255a5b4c74492b79e2be707a2c8d4be6556e11331c3a68623aab115dec92ae20dae885cb52da12463cccd5fe0ed64ebad3174c29b3f84e724fa6a9d9f3537fa8b250941e249f908957e512a42db46ab1b1c59774c50d7d6a73dc697dbcf78299f381c8f2212dae64667407bf1ddcd8c1b342963aef106959eca9a36df671b2dcc80a17455e1b6aef1ad5d579c3bf6cf8d0dd485674de34f0b787e8f7be014baec55d0d0a656e6473747265616d0d0a656e646f626a0d0a32302030206f626a0d0a5b2032323620302030203020302030203020302033303320333033203020302030203020302030203530372035303720353037203020302030203020302030203020302030203020302030203020302035373920353434203533332030203020302036333120302030203331392030203020383535203634362036363220353137203020302030203020302030203839302030203020302030203020302030203020302034373920353235203432332035323520343938203330352034373120353235203233302032333920343535203233302037393920353235203532372035323520302033343920333931203333352035323520343532203731352030203435335d200d0a656e646f626a0d0a32312030206f626a0d0a3c3c2f46696c7465722f466c6174654465636f64652f4c656e6774682034363236302f4c656e67746831203132323936303e3e0d0a73747265616d0d0a789cec7d077c54c5faf63be7ec269bb2c96e1a219bb09b2c096503a1138a6449a3444a421637a12524a168280241a4c6026814cbb577ec05d4cd8212ace8c5aed8b037bc7a2d57b1dcab5e2f0af99e39ef0e0444c4fbddffdfeffebe7d93679f67de79e73d73e6cccc99688c2488c8860f13d594141657769d7bcd1a125b4c44f1dd4b0a4f2cfafecea7cc24ee9e4a64be63c2a4bc7e573dde6f2f913807ad6aeae6d52e2c7ee8831222ff8948f055ddd225aeed0bdf1c4874a11ff10fcd5a387bde8fd74f3d8968da70226b9fd98da7cfdadcdf7180e8b224a2adf7cf69a8adff3efaf687902f16f906cd81c37a77f268948b51ee3a67de926537970d4f40f933a2c9331b17d4d58ee8179f4162ccf344fd26cfab5db630d79a3308f57310ef9ad7b0a4f6dd9bd32790783c57f66f7eedbc868b1ede398cc4caae447d93172e58bca4dd41eb703fc365fcc2450d0b13676775263ab91197fb82e45844f44eaabaaba97146fcf0efa9b385a43df8c5cae725ef8e0876ff69dffee6a82f2db8264591466c6817410748ec8cdef8d3be7d1ba3be343275b08448e9e9dc936e241b2d231d2d6d9447eb513308d7d550ab9b3ce2223293c57c95b93f527661d65fa2751a59488b376b9a66d235d31eead9be83baae307a001b37c9e5222fd14f26ee43e4f55a8e8b44bbacd3b799e3e49d529229ee506fc48b785a37929b7ea799aa69b3a9986a7f6fbbdf32732c4df94fe5d23650e4f1c445bc419bcd3d69f351fb7322d5fd9e6b9ab28e9ee77fd222bbd009ff6e5bfd3bccbedf692613dda83f47f38e5ad78079dd317ff3e1e55fedc744bad1742635fe22dfb243edc597c7ce857abbd2da8850de67b88db6e7e86d232270dd8b8f5e67ba8b661d4fdf95e94f1ccaa3ef3d621c26d098a3b6a9a2f4c3aeb9816e38eeebeda7cc881134f8a87567fdf673d55fa3a9c77b2d65a60174953e93aa8f5617b980aa23de0304d723b6e6b0ebfd44d38ee71adaa9941d7135655b5ea36cd326e86b427a38651f4ffb88a5c717a7f2c9f888285ca3e897d79075a6bd877c91dd295bdf49037f91eb887b0df9ae525abc4e6b7fab3f8831e24d5de81cf1b7f6d7246459bff9b03c571dad6d443d5dd5f17abfe84bfed19fd9afc677c8a53d7b785e3d93ca8fd6c67ccfe17eed1eca3c2ce72794696a3adc77d46b23c69c4899916598df6ffd76bc8c417f2ffdad3865fa7594656efbe53334ea6ea0ace3cd234ddb4cc5da5fa9511b6ff068ad8d4689c7a8ab7605f5d43ea7465147b5625efb9b28378ae9d4689a8cd84f0c94c8763287f801e53e54283e22b76ca3ad25a7fe35e51af9d791f3f7f4e7bfd530af49ecfaa37b11b6b0852d6c6cda3522fa57eb6a68efff665ffe13a6cda3b5c0f25ff8bd7436b0fcb7e28ec7f48174debfddc1ffb0992ea519da73e4d6bfa499c78c8ba3d1c03dc0a263c615d16cfc4cd9593fe3d8e7669c2126021b8086ffcdfee15c365afc88334480ca8e15d7d1c4435403f8ff6fda6ad751bef89efa6a1534fc58f1c71b17b6b085ed8f35d363bfef9f7d1ccdb4ef295dfb942ed0230effd9532f3e5416cf91f9e035e721b609fb6613556b6fd205bfdab792dff7335ad8c216b6b0852d6c610b5bd8c216b6b085edbfdfe4cf98067ffacb9f177febe74c23a689638efc7933fc3366d8c216b6b0852d6c610b5bd8c216b6b0852d6c610bdb1f67e2577fcb3d6c610b5bd8c216b6b0852d6c610b5bd8c216b6b0852d6c61fb634c5b4809c060e0b8fe36c5bf758d593402980e4cf8fdaddbeff8cff7286c610b5bd8c216b6b0852d6c610b5bd8c2f6ff81e921a4f35fc0152d2809e32f829ac47c380ac94b66e3efe65a298b7a503f2aa251349626d249b4904ea3d369230569bbe8ab0dcec8cde89dd13f6350c6d08ce11923320a5d51ae85ae335d17643fff93a9ddf8ebb6c8e1a2eed487461a39c621472d2d3a6a8e211d72ac726d400e420ed1fe3dfa36597f083f09ef69ff0619338c5e8f6fafd34bf51134b0bdff17eb0fffdadbeda375441fadfd40fef555fe2bbf238ef82cfce55f85fc858d353e27cad1d2c7ea579089ec9440c55442657492d044bcb08934d14574171345b59826e68a46b1403489a5629538579c2f2e12578bfbc40ef198493799c41e93d914618a141ed15b8c12f9a28c22c40fc6157e38f22f11a3ac85fe6eb146c7366ec9fd3bf48057eb6b3a06e95fea7bf5af8e9987ef8dad9bf139d4f80cdded61b14b8ed28ddf180d4474180f949efa8dfbfae34d3fbe30f9348f3fa998155e6387d9fff41a236ff5bab54b162f3a75e182f9f31a4f3979ee9cd9b31aea67ce983e6dea94ea2abfaf725245f9c409e3c79d583676cce851a525c5458523bd05234e183e6ce890fcc18306e6f5ee95db3d27bbab3bcb999a64b7c55b63a2a32c91116693ae09ca2d7197d6b802393501538e7bf4e85eb2ecae85a3b683a326e082abf4f09880abc608731d1ee945e4ac2322bd1ce93d18296caee134bc57aeabc4ed0abc50ec76b589ea723ff4866277952bb0d7d0e30c6dca310a56143233d1c255923aa7d8151035ae9240e9d2392d2535c5c8d71a135de42e6a88ee954badd13190315081eeee85ada2fb086108ad7bc9d0568d2c5679d9809e5d525b1f9858ee2f2976646656193e2a327205228a0291462ed75cd9673acfd59abba3e5fc361bcdacf1c4d6bbeb6ba7fa037a2d1ab5e8252d2deb03764fa087bb38d063f9c7a9b8e58640aebbb824e071235959c5c10b888039dbe676b57c4fe8bc7bef97877b6a439e886cdbf724a5bcc583c3847aa5097d430f717f9999b22fe7b57969260a81e6723f975d34d311246f9ea72aa0d5c89a1daa26d9276b9a55cdc1e635ee4cf9a84a6a42df4be7a4069a67ba7ae562f48def6c7ca3de15d0736a66d6cd915cdbd0e22e2ee671abf407bcc510dedad0bd96b4f6c9437c6d0d6e62ae1c86727f20cfbd3090e42ee400385cf219cc9de4379a849a05928a025453176a15c82b2996fd7295b4d4147307652e77b97f3bf56fdfd33ac0e5d8d29f065095ec4720a5080f25a7a4c55f3f2be0ac71d4637ece72f91d99016f1586afcaed6fa8924fc96d0bf4d883cb651a57345ae1de8e8856c1f2ce23b32d2ebfe6d0abe4d382c3558a0f77e17054d8f0b88ca27ca285c35d7ee1201586ab8422a43a2c0f0a7a76d16859a5cba645a31d9955996cc7e89223d4277376c0d221970d8e837de2ebfc6ad7385a76a887aba4a1b843070f4b6a0e753094ede8fdd4e458842e8c1616f93847ab2a3d1b2b173e0d690c977c8aa9ae004d74f9dd0dee2a37e69077a25fde9b1c6be3f9964d72979557fb8da71d9a25958795b83e9f4b01ca44b52a68459883a51e877aac467994513e581c7d44f51855ed96fd6a69a96f253d5b4e6547ab3084b9e8bcaac0044f953b30d3e3ce94fdec95db6aa1d8ccca9a22acd5526c77eed25ab7cbe62a6da96d6b6f9ed9d2eaf5b62c2ca9993314eba2c53da6bec53dc93fdc6174bec2bfcab15c5e3b81ca44596521526954d8ea16e794b77ac53993aafddb6d44ae732afd414d6845358555ad5d51e7dfeec20bc0f06ad22b9db2e0920599a902058b11efd8ee256a366a4d86c328d7b509327c16e51354d7a6b1cfc617ca312ee4c5bbbcaecdc4355e156d82cfc2be668eee1e8ab6a0c6266b1e20bc48c8a8646b2539c0de68b3d7e28df2c66a560d432a5d41781e406c94a02db1c22a1cadc85961b8db44736b94d7b1ddc854118a6c46a4f4351ff4a1e732ac43225c8f6fdc77e80e7cd5fe2db184fcc627220aa56116a6cec11cc2fba4c4552fe7dfcaaa392d355572f7a014cc557c8b80708fa080e61e811e47c406a2dd0d85811877a1f417487f01fb23a43f12335fa4083c6cb9e9b6d4b8b11163c5f8c92178ade932a5abadbdbdd29ff982636f5526d6d254a0da1f88f2e0e566ce1e8bb8511235708f0a34d7d5ca7e90cf2fdb46668fa9abc2ba540911322610850c51a10c882835dac8f5864675986bb56e43c28dada3b92a50e59117f5cfad32d6ab2d40a3dd430311399cd39c232f9457d592e0ee676c3e58ebd1d9eb2545a16f34c9cf1e078ab858150f52642c7a5ee746555d8d8be7c824ac657e59443bd8d3803ddf94d36020da11aa24795b7a768c353a10d51b09f12d754c6fb9e798b323abaab8f346697d2800d7b60562d0a39c0e43196a80d141d518d9177caf475765e863324d791b55b89761eb949d363245a23a60cd1e538bb71bb78f81c79daf1a5be4261813cab193bd91f2ce6331eed812dada6f779f9ed9c1b077c8b79f9c7fe4d88e854a552d473a02533cbd722d477aad86bba5c5623d7a031e2f8bf5201b4e2dbb4ebe15c072c219f3cd55225f95eeb1adda788fc1c2e096b16ebc41b46c091c74742c9f4c577d958c4297271a7bd9af06890e41f2356d246fb10d5325112af1c36c09cc3ebc38e760b1540287c1ecde7c86c0adc8bd1673e56447a011335385c827e26a71d9dc43ddf2c3683c4aa2060fe9e0b2c0f4c7ac938ba6b9cee59f89c98e84a5352da52df2885a571b1ab6d09502f33d87a5c4ba10983c48246f27d03cd15553e5aac1d15494fb33331d588d60d72c9c53ddb5f2553091ef6762b57154a96d91539c7052a9720422f1629a55dbe0cec41b242077201e7dd9475368d990a3a5c5dd1230d66d2982913e07cb6e8c247c2ff4b86b1be4117a963c4137186d4bd15d6374643647891b6bb9016e632c3170d8fa66ca8fba1679409f56e3c148d85b125a5c435ab0054fc3dbc3945337b906af2af94672198fbad6811206618c2c552111074665cb405e02b237f33cadd322b30f798cef051e0eb61859d1b30a7f60a20a31d69314a77a025aa77c54ca9b1715d57eb54fe9b27a0c86d78b59e590ad5d01add21f7a3c46fb31b2a9433d306e068ff10e09adafd66c71cec48eefa6a981e4b28a290e0c2c2ad5ab48bda4a61afed6287de424ed69ed49ca27a7f65488dfa37ced6df2696f81df00bf19e2d7c1af8177835f05bf027e19fc28f811f0c3e087c84726ed1d1a005402fa41550fdc02ec06cc740a32098a417b4149dae3540cd4034b804b0133621f41dd2dc828c8a59dbd352a558cc5433d4b8933953843896625d628b15a89554aac54628512cb95385d89654a9ca6c452259a9458a2c462254e5562a1120b9498afc43c251a95384589939598abc41c25662b314b890625ea95a85362a612b54ad428314389e94a4c5362aa125394a856a24a09bf1227293159099f12954a4c52a242897225262a314189f14a8c53e24425ca9418abc41825462b314a8952254a942856a248894225462ae155a24089114a9ca0c470258629315489214ae42b315889414a0c54628012fd95e8a7445f25fa2891a7446f257a2991ab8447899e4af450a2bb12dd94c851225b89ae4ab895c85222530997124e25ba2891a144ba120e25d294e8ac44aa129d944851225989242512954850c2ae844d897825e294b02a11ab448c12d14a442961512252890825cc4a9894d095d094104a50488876250e28b15f899f95f849897d4afc4b891f95f8a7123f28f1bd12df29f10f25feaec4b74a7ca3c4d74a7ca5c45e25be54e20b25fea6c4e74a7ca6c4a74a7ca2c45f95f858898f94f88b121f2ab147890f94785f89f7947857897794785b89b7947853893794785d89d794d8adc4ab4abca2c4cb4abca4c48b4aec52e205259e57e239259e55e219259e56e229259e54e20925762af167251e57e231257628f1a8128f28f1b0120f29f1a0120f28b15d893625b62971bf12f729b155892d4a0495685522a0c4bd4adca3c4dd4a6c56629312772971a712772871bb12b72971ab12b72871b312372971a3121b95b84189eb95b84e896b95b84689ab95b84a892b95b84289cb95b84c894b95b844893f2971b112172971a1121728b14189f395384f891625ce55e21c25d62bb14e89b54aa8638f50c71ea18e3d421d7b843af60875ec11ead823d4b147a8638f50c71ea18e3d421d7b843af60875ec11ead823d4b147a8638f50c71eb1480975fe11eafc23d4f947a8f38f50e71fa1ce3f429d7f843aff0875fe11eafc23d4f947a8f38f50e71fa1ce3f429d7f843aff0875fe11eafc23d4f947a8f38f50e71fa1ce3f429d7f843aff0875fe11eafc23d4f947a8f38f50e71fa1ce3f429d7f843aff0875ec11ead823d4b147a8d38e50a71da14e3b429d76843aed0875da11eab423d46947a8d38e28da22459b7676b0cb0827ceccc12ec9a033b97446b0cb50503397d630ad0e768905ade2d24aa6154ccb994e0f668c042d0b6614814e635acad4c4754bb8b49869113b4f0d66148216322d609acf21f3981a994e09a697804e669acb34876936d3ac607a31a8814bf54c754c33996a996a9866304de776d3b83495690a53355315939fe924a6c94c3ea64aa6494c154ce54c139926308d671ac774225319d3d8a0630c680cd3e8a0632c68145369d051062a093a4e04153315311572dd486ee7652ae07623984e601ace91c3988672f3214cf94c839906310de4640398fa73967e4c7d99fa70b23ca6dedcae17532e9387a927530fa6ee4cdd38750e5336e7eccae466cae2d4994c2e6ee764eac294c194cee4604a0ba68d0775664a0da64d0075624a61673253123b13991298ec5c67638a67671c93952996eb6298a299a2b8cec214c91411ec3c11640e762e07999874766a5c124c649068673a608488fd5cfa99e927a67d5cf72f2efdc8f44fa61f98be0fa65682be0ba64e02fd834b7f67fa96e91baefb9a4b5f31ed65fa92ebbe60fa1b3b3f67fa8ce953a64f38e4af5cfa984b1f71e92f4c1f32ede1ba0f98de67e77b4cef32bdc3f43687bcc5a53799de08763a09f47ab0d364d06b4cbbd9f92ad32b4c2f33bdc4212f32ed62e70b4ccf333dc7f42c873cc3f4343b9f627a92e909a69d4c7fe6c8c7b9f418d30ea647b9ee11a687d9f910d3834c0f306d676ae3c86d5cba9fe93ea6ad4c5b822905a06030650aa89529c0742fd33d4c77336d66dac474573005fbb5b893b3dcc1743bd7ddc6742bd32d4c3733ddc47423d346a61b38d9f59ce53aa66bb9ee1aa6ab99ae62ba921b5cc1a5cb992e63ba94eb2ee12c7f62ba98eb2e62ba90e902a60d4ce773e4795c6a613a97e91ca6f54ceb82c9b5a0b5c1e499a0b399ce0a26cf029dc9744630d9076a0e266333166b82c98340ab995671f395dc6e05d3f260723de8746ebe8ce934a6a54c4d4c4b981673ea45dcfc54a685c1e43ad0024e369f23e73135329dc27432d35c6e37876936f76c16376f60aae7c83aa6994cb54c354c3398a6f34d4fe39e4d659ac2375dcda9abf8427ea693b8bb93f9423ece52c93489a982a93c98e4054d0c26c92b4c0826c9e93d3e987416685c30a917e8440e29631a1b4cc2b9408ce1d268a651ec2c0d26ad06950493d6838a83496b4045c1a466506130a1143492c9cb54c034229880f7bb38814bc383f62ad030a6a141bb9c1a4398f283f651a0c141bb1f342868af060de4ba014cfd83f65c503f8eec1bb4cb1beb13b4cbb599c7d49b9bf7e22be4327938594fa61e9cac3b5337a61ca6eca05d8e52572637e7cce29c999cccc5599c4c5db85d06533a9383298da973d0360d941ab44d07750ada6680529892999298129912b8819d1bd8d819cf14c764658ae5c8188e8c66671493852992298223cd1c6962a7cea4310926f2b6c7cf744a1c88af73ee8faf77fe0cfd13b00ff8177c3fc2f74fe007e07be03bf8ff01fc1d75dfa2fc0df035f015b017fe2f812f50f737943f073e033e053e899bedfc6bdc1ce7c7c047c05f800fe1db03fe00781f780fe577c1ef006f036f016f5a4f71be61edeb7c1dfc9ab5d1b9db9ae37c157805fa65abc7f912f022b00bf52fc0f7bc759ef339e867a19f817eda7ab2f329eb5ce793d639ce27acb39d3bd1f6cfc8f738f018e06ddf81cf4781478087634f753e14bbc8f960ec62e703b14b9cdb8136601bfcf703f7a16e2beab6c017045a8100706fcce9ce7b62963bef8e59e9dc1cb3cab92966b5f32ee04ee00ee076e036e0d6985ece5bc0370337a1cd8de08d31a7386f80be1efa3ae05ae86b90eb6ae4ba0ab9ae84ef0ae072e032e052e012e04f687731f25d143dde7961f404e705d1b39d1ba26f759e1f7dbb73ad9eed3c5bcf779e25f29d67fa9a7d676c6af6adf1adf2addeb4ca17b34ac4ac72ac2a5bb562d5a655efacf2264444aff42df7add8b4dc77baef34dfb24da7f91ed0d6d12c6dad77b86fe9a6269fa929a9694993fe5d93d8d4248a9b449f26a15193adc9d5a4c72ef12df22ddeb4c8478b262e6a5e1458641a1658b46791468b44745bfb8e2d8b1c5d4ac1de958bacb6d2537d0b7c0b372df0cd9f35cf77323a38377fb66fcea6d9be59f9f5be864df5bebafc99bedafc1adf8cfc69bee99ba6f9a6e657fba66caaf655e5fb7d27217e727ea5cfb7a9d23729bfdc57b1a9dc37217fbc6f3cfce3f2cb7c276e2af38dcd1fed1bb369b46f547ea9af04374fe9b67457ba6e931d189f8e9e904314f671781d7b1cdf384ce408387638f484f834679ad623beb3289ad0592ce8bca6f3859df5f8d41753356f6a8fdcd2f84e2f76faa0d3d79d4c89de4e3d7a97528a2dc595a227cb7b4b1957596a70413173df81c6bd3a53dc39a5f1c9223ed999ac957c9d2cd6912e5c4290b081740b62b68a6467a9feb090bfc66726212ea24a4f599b852aca0296895302e29c40f624f9e92daf0e449c13205ff5147fab10175419bf97104892bf586294d76ed840198565818c49fea0be716346615559a0596aafd7d0ed521342aa3cd317372df6f8bd27907d8ffd1bbb9efca8ed459b161f2fe2e3dbe3356f3c3a1f1fe78cd3e4477b9cee8deb3bb834deeab46af2a3ddaaa778adf0c8fbeb163bb1b2343ec619a3f90a6226c468de9882a2526f4caf3ea5bfb8cf2df23ef9ca9e25d3f1317df1128ff18d52956892458ff4caefc54b50965f4d46993cc7340e03cd580c5ba29c4b8eddeaff75137f7407fefb8d7f9b6764bb7636d56b670167026700cdc01a6035b00a5809ac009603a703cb80d380a54013b004580c9c0a2c041600f381794023700a703230179803cc0666010d403d5007cc046a811a6006301d98064c05a600d54015e0074e0226033ea01298045400e5c0446002301e18079c089401638131c0686014500a9400c5401150088c04bc400130023801180e0c03860243807c6030300818080c00fa03fd80be401f200fe80df40272010fd013e8017407ba01394036d0157003594026e0029c4017200348071c401ad01948053a012940329004240209801db001f1401c6005628118201a88022c402410019801d3c8767cea80060880a85ec0270e00fb819f819f807dc0bf801f817f023f00df03df01ff00fe0e7c0b7c037c0d7c05ec05be04be00fe067c0e7c067c0a7c02fc15f818f808f80bf021b007f800781f780f78177807781b780b78137803781d780dd80dbc0abc02bc0cbc04bc08ec025e009e079e039e059e019e069e029e049e0076027f061e071e0376008f028f000f030f010f020f00db8136601b703f701fb015d8020481562000dc0bdc03dc0d6c063601770177027700b703b701b702b7003703370137021b811b80eb81eb806b816b80ab81ab802b812b80cb81cb804b814b803f0117031701170217001b80f381f38016e05ce01c603db00e584bf5239b05d6bfc0fa1758ff02eb5f60fd0bac7f81f52fb0fe05d6bfc0fa1758ff02eb5f60fd0bac7f81f52fb0fe05d6bfc0fa178b00ec01027b80c01e20b00708ec01027b80c01e20b00708ec01027b80c01e20b00708ec01027b80c01e20b00708ec01027b80c01e20b00708ec01027b80c01e20b00708ec01027b80c01e20b00708ec01027b80c01e20b00708ac7f81f52fb0fe05d6bec0da1758fb026b5f60ed0bac7d81b52fb0f605d6bec0daffa3f7e1ff72abfaa33bf05f6eb47871878399b4d419d38928f27aa203971cf65fa44ca493693135e36b1d6da04be8517a8766d2595057d146ba8deea4003d46cfd01bbff9dfb6fc0e3b70ba791ec5eadb28821289daf7b5ef3d701bd0668eebe0b904a54493eb90a7ddd6fed511beaf0e5cd26e3bd0169140d1465babf60abcff10fbdbf7e1958b72fb2059d6d643c71b2dbe8dbcfec0bd076e3f620ccaa99aa6d0549a4635548bfbafa739341723730a35d23c9a6f94e6a36e363e67a1340351d85e0c7d286a012d0416d1126aa2a5f85a08bd38549275a71ae5263a0d5fcbe8745a4e2b6825ad0a7d9e667856a266b9515e06aca635783267d0998652cc9eb3e86c5a8ba7b69ecea1738f593af7a06aa1f3e87c3ce70be8c25fd51b0e2b5d84af8be94f980f97d26574395d8979710d5d7b84f70ac37f355d4f3760cec8bacbe0b9c150b2f6217a92eea37be85ebadf18cb3a8c1a8f881a9759c6182ec418acc41d9ed5a1c73c7ea71d1cadd5b877796f2da13b5d06ff991d5a2c0d8da38c3c0b919c859f83ccb2ea8891b808f7c0fad01d71e932e3fe0f793b8ecab1bc6a3caeed3032d71825a98ef4fe9abe9caec30abc119f7254a5ba099ad50d86eee8bffe60ec46a37c33dd42b7e259dc6e28c5ecb90dfa76ba036bfb2eda449bf175487754ccf7d0ddc6930b502b05690b6dc593bc9fb6519be13f56ddd1fc5b42fee041cf767a801ec40c79847660a7791c5fcaf3307c8f86bc3b0d1f971fa73fa32ca3b8f4243d851dea597a8e9ea717e9099476199f4fa3f412bd42afd21bc20af5327d8ecffdf492f9638aa391f8f1ff018cf3b5349da6ff2777b723cd9c46c9b4b1fdc7f6d3da7fd447d32c518903e4663ca5ad743e7e629f7f28523829daf4174aa2aded3fe853c1ddf7bf6d9e73e0a6f6afe5ff35f0c062fd15ec723a45d2101a47e3e98ac05a8fff21b2e294924243c57df72517175b7a453e821388462e9c612c24449137dea459b7a5a515b8b70d8cd8a0dbc7b4895e5b0b2237e0745eb0fffdfdbbf2f6bfbf376148de5e91f7de87ef7f68fb76977d485eff0f777fd8b78fc39b9466ddd688a603dddb1a07ea111b1a757b816cef8d6a2cf06a911b1a9124b5c093b6cbb32bcfb3cb83349e3e7dab843dd36e20294e8b8c4c8a7067f5d60676cb19d4bf7fbf11dac00139eeac38cdf00d18347884debf5f174d4f529e119a2c0bfd959fabf509fb23b4d5ee82c9fdcd5dd2e293ac11662d3d35a1d7f06cdba429d9c37b6744ea9111bad912d97d706156596349d6db91f68ce4948c048b2521232539c31eb9ff1d73dcbebf9be37e2a3235fe74a91e316c6a4157fdca688b668a8868eb92dab9e7b0cc3193e3136da698449b3dc51299608fed5e3c75ffbae47499233d399973ed1f87e174b7ef33ad36275116e5d0bb72dcb753d7f6cfb6c6dac489eeb690c8696bff666b0c448c12d110de34a9b26df2d36a7cc61a9fdeee225b56e7c688715ddd39d9dfc5c6c4a66665b8a3ad22c5144bb1b658ed5ef7a3ee17ddba3bd61d9b905191e033fba8a0a02061c890bcbc69d3ec9d86d821edfd6d7bfbd9fbf7ed233cd3426f7f8fc7e1ed8294b1d9df3576ccd9314faa4a74308d0759f0f0b25352228c27d64dcfd4e37477564ecea0c1821f53a748b79e696ab2085bb6d3999d18655ab0ff9393f5e844777a4676bcb088a0c9dab95b1757cfb438d30af18178fc8414479c498f8c8d12c30e3c13658d3299e31c29a6604c9c45d72df1311bf6afc06cde4c641298d75dc843f9f44f39b6de3467aa4d8c73dae2e587151fa9b1f87061a4e4bf79f7764f4bf6a23ed98bfae4e4985c199c2b83736570ae0cce95c1b90fe087686adf711f34e5f4c773da8248f0375be2436c35f8872db1067fb62546b266f35a37c6ec88d162d2ba7dd7b76f6457e39ff5970f681331ad919554b0b7c058314344deb40f8d21efb7dbc342ae00cf10d6720145a7f5edf65d2352d8648ead8db6f2489925d8883458380546832172cd24c599dc99593903ed0306f5cfc45827cbc5d34517037a6b6eb75dae9cc443d2249cf913ea4e1d73e09e4e3d7a7412394b2eadeb97e219d973e0d492ee07f6a7e5578f0dee2caa18d4797cf6a853ca77ed1be62fca118b4f985d31a267b2b39be9cc6ecedccae5e37a578eca4f881e58315f1379270e4c3f30cd3d6cc2fef786fa873b0fe4a70fae90ff9d736dfb37a6587317ec37c65eb3259d867942a3e8098d22f84b398ae0afe4287a42a3e87944eb8f5d3655e45126e588dc60e224d383a2270da43ea2776bd4646c3ebbf74a883c1e2edbeb3b3162ad99a96d226f4b6366624e9bc8ddda983869a0a94df4dcd23830aa8ffc974e8d688981dbe99190d335292ea2c3ce11911cda49e41e939cd44593a325a7ae2956335b92bc33568c59fddc85e3265dfef29afc93ab4b1d16b36eb2c458e2fa4d3875c2e40df58307d65d3465dce2f201f191d111fa365b6a425c528f6e8eca5bbebdeec69fef9d9aeceae9884b4c4b484a4f8cea96d7ad64dd632b573cbc66644e5e4e84bd8b1caf29ed5f9996995d5440ef19f338233d3d3e55cece54393b53e5ec4c8d8e950a2394daa6d9bd567ab49b7075f376abe9a6778b0f8d6d7c686ce343631b1f1adbf8d0d8c6cbdf9ace1b200660aca2b766650dc91bf1a088c63b225af4080e999484916bcd9b2ce729c6d7ce9b7b68a6ee9e366de7c1a92ac73b4be6b8bf5126318f80dcd2681e12dd267a6c6d1c32294f660a36e64de6b9bad363573bfc2f4679d060bb9cbdf22918b3d72ee7f3a1e762322d3359622363f3a79f557dca5d4b0b4a96dfd9307cc5c003bbed765314f6876b625212a213864e9d59dff7f22f6f9e3cedcebd178d3db3a1242dda343d3123d192d33b677ccb230b56ee38bb3823439c9ed535d161b7586ce9090712d37232b25263a76dfee6d2abf7056ad3dc3dd2b2e493886cff4a7c8cfdba3bade0dd9a78682934b4145afc145afc141a5a7a40b35346fb8e6d76312e23ce5d11f5a0e8871f36523167cda1392bf2f23c0757f816774562549be8b7a531d19c6a4c50b39aa087c62942bdd78c17a03d5448161fa7172fa8481fdc3b2b26d2ace9988796ceeedeceac3e2e9b2529b3736a566294281dd75cdd372ade1e1b6bef9c9082975a7c42bcbd77f948fdfac8588b498ea9bcdbcdedfb223cd84387d3ebc6bcb3d58c583842b3f6e9d3292f2fba776a6a5a6862a585ee3e2d74f769a1bb4f0bdd7d9a9c925dbaf68d8d8d96b3365aceda68396ba3e5ac8d4e4548b41c20eca9dece72b4ba0e2a8f49ed64fd3fac7d097c5be595efdda4ab5d57bbaef65d96655bb2242ff226c59b6459b6633b89b3d94ee28d901bb2101a08294b02a12c6519026d5a3aa5330c7dd3ce6b27210e6ee950e637814287f4f5cd2fed3c5ada217d6f804245a11d28814479dff7dd2b59761cd689f849d757f7fbeebde7fccf39ff73ce7745c45c5f2776560d3bd79682544a0be24a1cc8aae419417461ca5b9a647b241e87516b1c908c15e7302f4ec29b394f10345e1c0625109e70afa6bc3301b905884f781c462a245c7158a277b226b74e4214e3a4dc60d71b1c7a3951cce012bd8b35bb74748df52a57d46796e2fb45f811b9c5196077aaad3a8505c8542482d29dfbf0282da3490af80240208e95f73f5eed5358aaac17c6c8c71dd5ac5caab31b781d0086a0c1dab1c791af0caad57a41ece8532d7c2ad1e7db50ec7a41ec7a247687acae2e06c51e33abe11b3830c628e0163824060f613047f388ac4e1da458cf30bb56bc06e36504c57c99942371188054cb069885112599f2a20c04825ea3d1b082401da4291e082c6296ba4969b0289b2c41afd750bccab5ca46108444e7349b9d5a498d65c41e74da35788bbd31566fc6091c7cc31a5d5a49460f2895dc1e0b12af24bfd89a7d3877e1cfb4124a534953dfa9f2c84c21e7c5e713535bc62343df1d229e068c81026e81864f725d2a50af8bdcc00483d837786ea08732d24368eaf550985a2849332fc6785aeac2a22043263187207c87807987e04c1d82337508c2773c0502950c6381eb548f7a17f030327410e24b81e9ec78d9da8fab59e41ad5a3227864c9d853953eb164eb74626914a25ecf3df8dba37ff58bbbbb73477f7bf4beb35fee990f6efaeaeedd5f9d0c05367e65ef9eaf4d54110f7fe3c2f1c9b1c7df7bf4d807df9f5cf7777ffefb6bfee9eec135f73c35b7f799bb07d6dcf723f80b390067e44f80addbb010f64d2891e33eb170ab62e156c582798b05f3160bb72a86203269ec50807628403ba350e2793be44a76b8dc11d3f86108108b15e0f6e44f188615d09885f4808758095e501a6278f43c070e37c0e34f7268008058b8324e2cb553101d287a91c9903f49efff9fd73f28d5b959d6ad97545b7043f5c0f69df9d07cebd878cd37bf3e38d7eb231fdcfac8356dc5bab20102c8d0a6d4e61bc686ae4ea82e9eafca4c01fb6b073ef015e0f1dbb0bb90fd05daf0d8c2a5f7d35d7205a0df313c22811b55111c5071b8c78f7bcc7023e4c1cd2eb8515b8fd746f15a1f5eebc59b46aa47bc51395949bb81d5a480c302ff20d5165ed6b47af9b12513433656765664690bf0e9c60a6755b10598372d3a4c31b690c319b6a9a8e23bc407a4ca1272b96b6c6ab2f81d31ae09b89c3e1d4de05e1cd79352bddf6173eba5241e22703b29d679ed0e2f838b022a0db41f8d8afcdf1722a56deabb2640cb49894afee169aa45ae86c1432dfff039aa5506b6452a8b09608b01d8fa7f5400f381b8b9074a71de6c0a2a02ca05024f4b4d0117d82f0fc8168856e08a027e7b75f07d05c82866b45789aee2339308a41b381b319f3da74926b5490bf31b7e03fa22068c5004dfe716c7f0594804f28a25a947d04d2f4d3d28947a90bfa24926e076fbf51272ac981ea1643a9fcdee5511127c3ba530071dacd7ac954bc82f12dfc7e7da8cf07ec50a69e14da942428a543603f9ac5c459338481a15925b8a32f8ab47df026f7f4bb984ec6316d95320fe14416272cc49189f80e9c502d10eee17e402bf0344deff2a331d7f979eabcc02ce9e031be79873313e67ae0ffe0e517effab1c334dc7dfe5c0d19f88ec932b927df26f6df19eb553ab8affa2f7f9f478d5e44deb6a74be466f7820e9f9a3a1b6a7edefe793abaa0cadd6a6d1eea77fdbd01db7e3f1c4ba9e9887b1bbc9c7dc764ff7d4aa60774bad4a52ddb51eff9ab7a5ca58fcb1b5b6add81feeac33171f33863b2087d879e96df2301505047d0794c20933165c203ad23285f1c3883d6527ec9e055c9b966b6689f75df5d17aa2be66016f384e6f87a468bc80de80c73c0b49fc29bbf143ceae4103649c66b69e789faba7e1f120f1d9be9cbf2fe18957e2efe4618925d137dec49db8b93773cb135c642cd76a9182d04ccb03a9f174efb5c3359175fbfbdac7daab9462c0eabf6a775bdc365de6ce170eddfae2bd39c6e6b678dd5a8b46e2f4399ae61e1edff6f074dce175883536e853210a2e0014683127d6c15755744412c3300ba14f4ba5e6f3aa69eb79d15c292cf0c51185ca7c9e534d8bace739d1dcd230e0add06da5b3bbd077d7f35ffe10a95173d73f1feefec7aab577700fdc3f7b64430de1bce7c523ab788df5dcf6e39b46ee996bb9f056fdcc57a06ee0f5a9c0f5d560eb11422d4035fab45eead2b97498d4f2974040ccbeaf9c0ebe2f5ec4251e3903f37b0195ba80e52f1c384cc9becf29a7c5c00ac515a02cb181e598f4ba35cb36c165d072f1c5d7e03d105a5a4e53e06fbab8059fa3e530ab07dbc7f06f8bc1fe6e206d9abf1f9ab16ab5ac5a527c91662c3a0dcbd0c5bfa31916ddd9a50f88b7c19d79b1d5e8ce441a78675a9b5c6ec56c56d1798dc6447de89a365db5188722a735c9d26da935a2f31c38c6457dc8a1a396041ff1d2eb5f1a868cc4db6a75f1067cb758016f42212ede2f0151c80ca21050cf79b59afcb5cf553c2961589dd602ae7d8d84bf5909f953b7dd0daf9dbbf416f91615c3d2d86e14711c0eb519aeadc7aa4082d69c963578df6545e01595c1c5852db3209bd21e8f6e17340475c35b0cf09030154bcb59efbb1c1ad002479ce45a66a370cc092ebabda42b30ea8a0958d98ec0cd012e27a6f99053322df22d112da5d4f5f99df975776d4d344ddd395cb735f887920ef149a38bd1b857af5917baf9857bfa86ee7fe1c6aebd6b9bf432f21e9d9591d8fdf6b6ab1fdab0ede1b906a3017700f54195d27667714a6fa7b5169d3c7fcf73076efed9fd4306a753e714744bfe3b8826116c23d2ad57011f4030f9e4f03157cc543de3830e427a5908417436c66bf889ea19858ff72397878da59941a58205b60af69536c97f971880765d7abae8401900d033c8b2ccac4b2fc17f47eb5d66d66d9098cad278aed852da26ff54c6f914fe8dd2b67087783fb84303e613b24c7067326606dd0bd02dbc01f49739b5f45acb29607fe95aa4f00ac0b594af80fcb398df12c3dfacd380336d16dd4e04b0ef01b72426021af43b7497dec6bf09ce5f852516cf0fd2d61933f4cd2204356030e83abc333041051e58c483e9e3d3d36f5a9a27339668c80e2e8620c5525aa2b7fa2c8e2a930c88cb6271e92478ddba6b066b68b94aae604c6aa343432bd44a8daf354dbc54be781e075f0657d98c4df057e925b69cacad3536c79f26da310f2627f49811931153692566ac9af1c835b6194d190f7c76c3bc133b17815116194ae5414225b352be417c052808640b855a1ce435e497253a2f6bf39994a2e24d97216297586d74992d200527c57269f1dbf87eb1444c9a69e02b48404109cdc53f4a2e5354b101ff29d84bc2bd62b94a232f5e5b944a544a99e0c389978014cc255de9a015d0ca1960e2aae3d41cafab334857ca190aee3dc15173255df9a137f3042ab10dde89971875d1a9f72d5e37e4c73d3ee0a1c8174b9775e1565a63e5f5209a01beb619bb1a5ec1c91a436d1040e2525aea514664b5b59e840cfea5c13c0dd3b54639690f4cdbaf62044594f3cc981624ef40e0c03e01b3434e78f9e1a5dc7d79e62eb0bb8fcadc8d06d10cad7399589796268a7753de2a834d2b258bc7085aeb6259a7960e9839678d1ba4ed210a8f295877c836cbfa16ad66ff85db140a00563179f0c29de5bd3ff1b860ca7e31413cefa8b6c85d9e927f7a1b68a415cb23ffe4d6c207656c547401ff5700455be38cbcda04a30a39570945c133a5e595df2f41a11812003eabd6f3b5b06577ab331a4df13a725199e4db1ecbb5ce00537cbd6a288883cc99d6d88c663bbcdb831aab5e232986d702920ffe89b53693d9ae11777a5c4e3721efff5ade93ebcf792e3e5d79af12b59929fa86bf3552b576edba2afc5d095f2b9240ae337be92daa9b8aa18c3a0beffbc7989e68054ec501de611eac3ea19e05e99c5af01f65c283925f35487e6761f2ab2e3b924f94fc76afbaf947070e3c79635be72d3f3a70ddfcc1f40977eefaf5eb6fe8f7bafac1e781bc9b701cfa5f0f0c76dff1d323379db97fb0fbc873f7ad7f906b4bef7a7078d3c33b5b3b773f04791ad0d8d500c176c0d60779ae2e7e0a780f0db8f836a0324df05d9148e17fcf30adb8aa32712db1055110045891c2e07f8f43877c5caa6a3439483a110806022506777562eabe99a325771130e34a6fb7ab6553daf34467872162fcabbf6eedab6789ff1c3db429527ca05225625a111f9cc965b76944a2e24e67533f26dccf23e07ee280434cf35e4146184ed633614d023ec418684574486d0b6b5e6d6d3525df8368e3edb1947b9c8bc1ec23f94be418b5e156cdab1c38d2957c8f138e85c82c671e650f19ac232f4fcc4b7988c9643456e422e4231283df66751b64e43ab52fba2a3157ba7f40942c5b6edf14b537e4ebadb57e37b34146ffc110ed4f3f746fc7608cd5d1c00c49a94afea7eaee88a5385496c7bfbaed81deb955304b61e4ee68baeaf71696f8adb72dcc16bfc746e0efcef55d7a8bb80050da8fddc6cba593d0ce07128184ca0e9fd9c454c048956969b2e3bcbd4b149e058e4b73caa58bea081df0684a045d949600d1a01e0312121f098f27d15825970c779ce7d0701d1c2f9470952560831c058ce1d394152365a2fcf7f2b68398b8d03a7bef687c32dfc0d0228200ac515edbbbb5ad36dfe40cf76e1cdf98a94e6c3e98ad1ee9aa57a1efa5b434d43e120fa66bcc35998d131b33357830b76fa8466bb53172c6c0e8ed7aa9dd6b37865a03a1f688bf3adeb375557a7b2ec41859b55c63667420b3b1d82d067fdc1eeea80b56c5ba27a087b3017c75007cb9b016642d1805e0f484514d3120ba3c619d96212b89e191d3ef3c0b247382b2c22f4e72e81b681cb1328f5ea4598b2c13a4031d6a55f19c54eb662d4ebda478ae940410af435d93bff6bb2f1c2a6bfd268906e401560d0dc311b8ba6f22fe1c00b69ce6732e17a1037ec848e8e765811966c6bae884522527340fbf10592bfd4faad2ff2c8647fd723e43bed57ecd5f6f9b7c64570b80afd9e2d649bc3d93c9e444b75ba27399ed4e1d8d7f6ddf57b637c7671eba99d85d0a9e171fd93ad3ed0139f47a625705a77103c9be0caedd83f5a36c193301e8fc71de6372c94c069004a46572937dc62812b8a016840e5415e14b22a81ef264f97b333aa0b25cb4bc48044b43c43594cc14707aaacd0aaaf87531a5f6b99c5e3d4de23102c442a9de63b7bb9514ede0dbab2a05f9acd1aa44edd70bdf2237cb94b0066235826b6fbaf4819806d7de86dd802aaad2884c81b545a38ad802fe765ad6a63099957eaf57e159208c698d59d134533d13f5c202d7224d87f5add21db11158e13133fcb6166cf3b460f9b8950a63e40a85315d5c2714c6842d78f7d4ab94d252e5f084cd72f215f22ca53057395d610b10c5ffa1716dc0e570eb68f2bf883f9012addb6ef36869f27dfcff92121d948a8a100b526114c40717450af53209c92e7c871c952be15ea5f4c277f96d4a65350169c19ad8b5a82696e13d9109a4784a85053ec7ec3363d03f4b15ce19b3583b232ea93af24ef217e7809ea196cb5f95b55cc14e2fbb69a46856aaf3985800d0e24905ad0e781c7e8394ba40fc1750b2d7e6f1ab4472fca162d9aef09b8821bed605886a14ffb9442ea628356b04f165f3a50299227f8ae2cb7b48d72e75a7b333d249caa5a68442810f2460772701abe70946cde0f9c402fe97b40a0b06d518aec0608d186b11ba152d42f7a245a826c3cf93704ccb022149eb35a667b10493205a9f49e058024f24ea56552fe000063ff7e01e0f657fa32ed7feb26280c2224285621cb526c7f74c8c974aeda7c313e330b547056680a189716b5a2937e109d3b31c9ccf832634729807375260ce3afb1b5c5d4ed1fe3207e735478472c6e4c438dfa91ce7d9981856121b1ac48b8de27883c04f843d14721034efbd8d309926538ccd6a71aa5a1f18ce5c3b5cdbb1ef7f6c3f68ac1f4cb66fedab574814528ab676ae9b4d6cfdd29ac0635fee9eee746e58bd6a57bb59a1108b158a8da95e7fefecaafcee9cbf37b1bac10a3cb78461d5acdde2b5eb6ad6deb4e6b4a93615ea1dedec063a3a0674f40bd11eac1a6bc74ea19a2bb02c99bb51a8dd370ab5fc4641eaf06f24f5c605fcfdb4d51086ed8fb00b76e0a116c3b0b61f6650639e90a5a59841d6d8e0a64420e4894e0572d65e269f049bc74503c8ad02459892e5eed1a2e4c7ad4ff2e30270605acaf14345702c70bc03bce305d236252bbc6fd070b91be62db9c407698dd18828c52fe253f78f87fb7a7b8312add5a0b769c580f58314462ba9eacf66abb6dd3d56f53d43625ddad591ee09761fecea58dfc4e2af5df7d46dbd9a404be81a095fb391889a4bd4f6e27f869abdcce0e17fbcaee7d074bbb6ba33563c363ad63675238c341b818c5de40b5803f63c8a83360c3e20c5b7835f11dac0af9f840dcda0d04a090aad94a0d02d0a0ae2079f6fc001c105429e564654b88a7dcd999629b34edf024e9cd4e5c837ebe143665265161648c5c7a5039089840be8addc863f2db450d20a27fb1ac74fa083333cc9e972f5e49b1c9c641e4e2285b39ce0a4033c254175d395173e887902225e52367511229a6deb5f1fd9faf04cc3aa3dc7368487bb1bcc5231a155aa836d6b5bf6dfec4e8fb725d7a5c20ad8ebfc1b0dab51b27ebb367de313d7ddfee303ad8cc56356e9ccdaa0d35de57ef27b6387d7877d61af4467e7a52afeb5e87aec3aec2caa7fcd4d0e5f0d7fb32bda348cd916f0f34f048393faa7f0f39804b03779da32192eeccaa45a865a88683e9d275af22df94ceaf5d87436036e312ddb3880d9484f5e9567a1dcc81c0228cca90aa97841c32f7a12b211580888fdf6ecd9731abeb3e0da152e70bb32ea16670b81e5993ca120d1ecd3a9d73930ff46740205573e03c922a18273201cc3938453f1303a09f01ee37c4ec37be6caf40dc9975edc110808848f5a59fc86254a329a0201415da481ba3e735fffc61bfb3d5290d79a9d7ada14cdd477dcd82341c9af4e22f7aadbc79aadbe5aa42ba53f399c1474b536558d740535dbda3f86349be6ee1d34d4e84cfafad9af6d0ff5347a9464637f5ffbec9d5b2fbe2c91430b914b08f5c044b76ffdda8b7797f650ff4610cec66c28351055692c9aa0d3e173f23af6221d1b1856ab60fd368486dbfee9fa244ddbba6a3af7aea917d1729552b02cf13cc0c07eec570803eb06d31b20069c81b471dfd344109bc1140001466c96e04eed3682d7a0ec296218d0bc7a0009e7e08c5cb4a3cf5298c8a442432122da9a6e2542ada1d6c6bad7dda359e0e2c4f37d039abc288f529e4a1c40a5095840556ee69dd82b4c0524fc68e6094b819bc8a843ce1081b532ad001768f6d1bad739307f1f3cc1294e38034a9496a2009ee40a75a5cfa1fac5529498c67110f1e769bddb6af59a55e2e26dcbf4ef892ceaffba5b3f85fef1b5b496f598598f41a652177f88ef52c82cd05792b4528affa9a85c8e81e6b591cf82810bbfc1bf20534a4992964b1566a6f8c3a25f63e07121fab168177613bf5af224b67ffb100981916d1a5201aa7c3e2d8fb7c787c06bbf3eb0113a53e3fed4c8d008119d4e4f1323d323d39363afe50e6627a1e54af70ec4cd05557b1678156abe76a0ab20e945a509008858252c50399d5fd61807393ff31c48fd4f6b101e2cea11e708814d33d3000468fe8363af71e00c7bd129941c3847bbb9c081b3d4c2d38098573b20e92a70e054a8ca0190115b8a0fe823ca6a250c0641a730af3656c08012ca5fc2f2a832f7f8c4d8219a8cfaba4d874647bf38127e15720f0df36a53afc967334844123149ab6cc19835339576ec576b29a992decfd67686aa3aeb5847542a22b40aa5bfb9ec3c4a8ebe322c00f00c19c2e4496b77b873d7485dddba5bd74ed01a8bcee72a3af64c4a655291caac7578944a39edefbf761bfe81cb07f24d3ad736d664b5c57aab9b87632a2d5b091d3e44e82b8309804eb318d63cb68058fc88682716c092d88f102775a65a71b93509996812ae334a320c7c03d13709294d1286100c8bf0913a2204e88810a023023b8d08013a02698f4ce7ee952783564a550d098b3907682df5846a00f99102223da9f2f20e614103623d695969a0198e3cc999732a38f6248706c39418919e2595cd4a66092c7d31e12cfb08a4d926f2115a63d3c3d5c599639ba6ee19ab8a6d7b6072e8709ad63b21f3913edef5c5ee14e03980f7ac72b7a77b836c89e6ec1f583770f8f8b67d4fdd96e9e922e4a5b533177b00c3d97630dd7d6806309eae7a20dd7120dd6380f187b104f606926e75a431d5b8ab91d4418ea8730191e974ee1ab8b0a8064a975f328bb83f601ae7e7bbc38f8509b8b8731e72c8042510244ae041e86f39fae4c93f05e5ed76d7fce416ea7e8a7886c27f4ee114658bbc1cc899dfd8a2daad2254d2376c03423906f1fe3d7b4b843ff69b304f88d0ba59a4000f55f313ee0b688e40e465c03b55e637384cc5a80835a9b249dfe06c3c1382241fb1fdf172afef8a1604fe0e36225dd0e4b1207bf184a377f7707aba2fa200c93c4900dfd5b86e4f7ad7b7f7b6b4ed7974eaea87b6d43e4edeb0bf7d7387872088a0bbfffa7575068b8156b15aa54ead90b3665dc7818503fb7e706b4ff7b55f5faf3b74b42e3fd304a3a1ffd207c411100ddbb02fa1aa8091810413114babc0e3ad25fe6e1508be5500ae15fec055b4dabf70e9e7692da3c1f37e59a131630914a259579ec9a2001883fc277c3afe0ecf21e3b0d99ed634ca0a1c38321a2870c2b12894c55297750a2b5d54b92cbfe897f83e217184026e85363842567fc2a57a4122978ab4ea176091c40c02d3cd0c03f9f6cddeecce9cb7d3079756a8752695482a979ae3c32ddb78cf71e1cd5280210dbcbb189fb8635d48a956e8acd00bf8016f6801929ac1aec7e65184a8ae36f822903526659b77c35f851d361892b33032c8b1ee8ea46ccfeecd946807cc46f45b73eb7a1d855ca6aea5d09d4de47d5926bfaf32a941822ae536a7e3882fc6cfc5f896056cb53ec9cfb6154d67e1e07c394781033376b714b8d29ca27d4bb31d24d28f4a7ac4e24f276993c003ae9024895b80838049524f95440b1d8786a6a462693c5a6fea585da7f9011f0a7eb05c31d56347c62dcdf1904945e2b4c66581df8572d9bee0b6bbc6aafec10893aaf6553dc1ae83dd1deb9b574aaaa8674912288f4d8c345d519b5bc68fac0d51344dcb243285ece33230a46fc975a21b302df628f636d2f7d1a3bb1e857a9e3f383999db3005b776e976a5c272480ea439576e17781dc416085bdad970e496838f661f29dcd3bb7bea60e148f60bf9edf90dd99e7c4a2e0b5351155453cb80087c3c190529f76881cd2020089e9e47448cefafc505c688084212bdf3cb098426bcebd1ec3d8f143878a623070bdcf273b5a85058681988c2d3a5e51c3c213b5ae0c029114a84f8c0c32526f4599729162f0360599a6cf8d498725f115eb07751412f0cf4f325d507ba503e6df9b01142c50aa0625451a8bd069052859002d2ef38c25e4f2648eb60828eb02703d83302ec697f089c02a551ffb084bd22b71c85beec8e4c4da74106fc834c2931b8aa2cb936fcec3264109eade3b7afe37124bd0c47dbcac894f2a52e29f51c8fcc86e1a6a9cb9179394ad7c2d9d5520a381d9dcb0e3cd4ecee31c14f53cf00346ec58e202c66329e511ff4bf750a23849f738d47ebd162c9789da4b031339a1d2aa47abdc64821990de56d790572c602a4a0473e1d3f0d211547ad410147b68d920207c7a6860a1c1c9d8c14b8f278f3223e52a5f85552d4e7d2b27b7137f50c14bc1308befd05de55bcf029d575d40ff686bb0c80539222c6659340017e66c16f5ddc27e8402c06116027f608d2413cde045be1e74f6e7438baa01338b1b3b6097c9c1ac874cde85806b274c355b9c9de606134d3d45518c8b6e76bb3ac901b2efa7c98169e89f36d31a812fe398793608aabd01c160e4e321a2c70601a904a7015139953956e7e49eeb742f6ff99ddbd5058108b792de8696339f7474af9ac5e3e735fff861bf36ef62332fecfeadaf96282a037491ad8ce437cd5e7e497be3475741a7aefdda3a31d036330824f3d3495405ebc43d131055ebbc3b05669771ed8b7fb68f6fec22dbdd363bb0b07b257e7c7f30359932599f7e7a340354f5a729ade4c415472deb05c7e25d77db9e3761ccdde727f8183931fd85de0964e6f81f3036f0dcf20ca143851d95b0b27a9f0d5cb5df3c79781fedb7cb49b28aee09233f7e5361cec774bb47c81d45cd717edb8b11b00023ede8028416dd3e772cb4729f34a6ef8131490803f96493faf3f86ece003f214c0940e5bcbafa53bde833d455c83c93027f0036b875d104d86c668cd7076a0d09671d5141ad5a2c66c20cf22e33f7b86299430722ef69b77ce9efb1944847138db3650e0c0f18d35054e9d2e8d80567ed672261c5bb20aaa9c2b909f40714beaad06b8de8e3c2535061df6a049263305ed8ea051aafd082d64b6771b6b7c56999822802a3416bfada785a02d2cf5a22d006708d86c7e562a65fd1fd67f943cf9e82991cae48c59e3b2d1121af867ab9997a8e81d24d183d80964a7ab57d75e0fe578b266bc8603b46ad729590d78259dd0d51edc5c8be25e577bf2faac5a24eada5798ca6cceae2ff4f5d6ba9285ae6c3c5f127639ee01c77aa624f25215ee67c82e79979bf682a9d260aea97d050eced6b7bec0c1f9ba9205ae3ce3924808065ace7c629d7c847aa81562e2e53a13bd233555eacc847486acaab8e3e36cc85932a1108b42652f5069ad17a85444c894b4960d587b5a814a2d9f58a5573217e5654174658d171f146c680e7b18d9d0986043f5c039cf793c735331a86373b6b323aadf3e05d59c9d2c0c66621d856cb6390f7c34759c1de27d6f4c50af261ee7357c06b85a6057cf41bd5af9e140b5d9c1c9020766c876143838070b2739c1815978ef1a2ba914cc7365ad0aab28786efcb9ad8eedb86a481ff2d9e42292a0c432b1940d39edb576f5e7b1c20f2e6cde375a070649e50cc368ad0c2d95e96afbfac8b64f6593c507059bbc0f7b16d9e4a14313f74e42fbdbe101bada0574350cfe88d58d4045b9ee9b5835b12a76ddae1dabe30fdc9bbdab7063efe4c88ec2756ad175d999fcfa7c3f90f593cd4375d9eac57c47f085d04005d59d293153a8bd0a7a8ae6bcf1ae020767bd6e07f28ffcbccd7062102be1d46c75656623b84d68ab2b2b5474053569565c68fa594cf97293bda884a667aef1b1488f4a5ac3023d22d383503056f15020690005b5c96db1d73ad49fc2ba8500b91c113f5f59cb17f2d91250d45a35048a981603a43490ab3fb5a9f35c4b740e70e45dfc338527bbbb231dd9a7f1f3d81acc40043031e6036c2bb223422f10dc294d04bcd678178891b48d9d58bfa6b9309dc9ae294c6407f31dd9eabcd8a770e4157d586f692d63b9a05426568856bd133b570193e9e60207a6995853e02e9fc8bc3853a9dab474a92ddfdf2867b5f8e7e2cee4305413ec6b983dacd963847d8d1fe0bb1532890e754fd4e2e2ed256512125a1e6d881a3f9e41370405062dda03f75ef8b715fa19d2151b279f9e4a0becd9067cc0c3d84bfc6a92db096efebec9c9d61d6d904367c361a31f55c15ab9d6079f023abe0d9343266dbcc1d80a5e591954af1f1bc9676f938beeeabba9d759d89bd9919d2bacef6d8b640b23d9ce7c43de9fd594d3a272b84ea584d468914503552fe5d1fcf2eaa030f55e67818393af9f2b7070fa916c815b72023e5d2a47efd447b4cb3e33455e399457d0f3656093d8243a8f65110e289a033828223c1c3e31475ee601785ede1034aac9122fc7d7c0161b80a241a6520128ee52c8576eb17da6aac5125f0080b49c9faf88541e61e463c067acc6ae423ec3e9f4f6ca608c59cd7a6158d127e391fe5e5d2195f1f2050d362b2a11bb32873e5bf60086fede94aec081a34b050c74bcb99c282fc9913f6b4a4c3ef6392c17e5beece7b04bb4349af7b6ff016c733fff5c6d5a3a3a1a8d389d7224b7f92d9148db4e5497d83f198582b4f7a6dbf60241ce6626b39b0af9dea8b7add09b6dcc574874d1f8ca62e58b1240b81a8125bbf6f6ce0201c359f29b0a1c9ca7b7adc055cc645e6a659f46e09fddae44ff51321e92371ec3e7341ea0b0aa8aa496fd6fb48e158a887ca5e28fd43fa01ec383880fa773b00ca198f17ab1c4cc8ca2777d1c839ed6c8280621e3314c0ea4b3f16c4b8bb1b660cbe43045c19815a386618ca7c3a9141f2d811e4f43356a4b8fa11d9f441358b8f20cb6da0207e7302a0a1c9ac52c28909f26bc7415e00aaaa96cda9494f3b12d66fceacb9a34999d397faf434193a4582292e8614f27ee52e30f4be0aa139756f2aa44291169d5af35668d7e9b8106075152c6118a1833d3693b597785360e2ffecaaecf2f4bcfecff52e81ccbc64b9d63bb875149c5fefe6b070915af15f16bc0caeec75e44fea9a3c332087b5ff3c1cd9b959c0a66a89621cb0d87a189552b772a2de015bc19ab0f076fc872d96bafad9f2daccd0c66b385a6dec35655b0509f75e7f5f93b60f6429716b5c51653d4145f39aa58157079e9c827ccbc76b6c0c1b99b40a043b3d7070b1c3f3f7d07ca6ce8f2cab7d862ca5a7ab68bfa9419ea4a3afe74aa17bf26659c4059bdd369c747715ad8ab0b763b80512e69ede1477d19d8c4f32a213ea4625a6f475f007cc007e2e00c70bd8148cbbc8af0a107f810539b2a15fad1b63ab22258c626c6ef180ba954c26e3000ed9eba3286e093da0d20bfbd937c1eebc006b149dc883cb4415b9b81eb043212057873313a3c9f89a7162ebd0f1bab29618500f87ce514fc2a450f81cdb452adc5f343564a1d25e3340dfbd90ceac23e9356828dda386db5d2f15a0a766ed309d8ba5d0f4fb1dec58061ebabfd6939f8f4aba334d99cfb9562f47583614b33f9fbb66cb5abf3a5e6dca6975c43c2039e29fea7777ec9b721c3f133b0656b02288c44c2610dd8c99c0983ffc2a53744bdd0bc8adcaf3885c130fa3a07276f237fcfc1e99b3b5fe29a73ae4d2f71aea1d2e3a0297ea12bf35cb92909005262dc81a018646246132a322e266a4d70cd4a635369e58ad10432343c11282f7e850f9f0782411529fc45dea953dfeab5c5c66f196c9ab26a4dab1adfecda3d5297d8f1f89e9dc7b6d530ee7a577d24e677fa129b6fcd87324e9cd1688ac599f16826629ad9549f8d984627877fef0a99a5b77da17fa6c34aeef33a7d6391c1eb476bec466d9dc35b47c80877fb86d68edd6bebfde90d097747739c65f335ed5b02fef1ce81036b6aa51277f19dcd73aee6beaa0db3cea6ecc589961421616b435586555df668075a5702f0f108f953ac1d309f3b50f73de6580dbd09a65261bd709582b2ca8e8d34f7c53a563b28ef2af87fe5a8cd815c979cf7e6cd6f8a78b5f11d43943b9f3b8d7c045a3da4ac18590b879ee46a735e38382de5bc7991f94d4e242885effff1f9b17fa5bcb761c963b984a96ce297af1769e2bec5d54f8d36ea25b096010bbd7ddbbbd35b3b5da15c26132c2d2109657a32a15287f8b24524fe9dc7b6d4c8b506a59ad12b601f4fc7ea2ced33f99950d2a71e38fcfd6dd7fef07046e36f0ded94f20f6f488b7f41cb4a523d87a6dbb4a1ae7a184b8f0156f9a8680f16e37f85e5642a8157eb84950bbad29286ffcfda9740c7715589d6abeaaaee5ababbaababb7adf77b5d4ad5d6a49965ab22cb536cb921d6ff11aec24386d5b8aec24c48ec12181840c4cecd87132c04006e687dd96add8222107e67c9310c0f984810083934f0e7cc890a3018681640296ff7bafaa17c99263fef996d5a5aa7e55f5debdf7dd77efbb9b457369b068be0e16b4deda7d3c72eae1919f098f3c4e78ec6cc2a3ef382287722ff9aab079e742cd60a4af64d08133a8946949754cc61e3ae7aa9c35d88ec3164acd5561547e0f73cde20d7deab30b76d40ff7aa6ba2455ff444ee7f7460f3f5cd2995eec7450b09493c78f55d304667081b11249e46d0bad0151e0def0f538ae641af6870c2e7167cc44c48d13896a20156798e9c243c844d85a64dbbcba67d6b2b82dd0641799ef3a36c78a810d08c531cc0307c752ea5f9d9683e4ed8c366da891a3d53505b41d0bd90aa5d2a34d982c443c429208b009d8b6163a96e6f4ba1df1274a8078a19a9406d5b55320b7f55ba810ada372a22a4c13b339cd6c16284b4d691a523a4af7975c51b21b15214245bb43e3c04e7ff2908f501e22662a74aa55f2706c989b36b125b50f1c5f5be4e54621871036c9ce22137785fa72fdc3bb07d2d82daa691f44076313778b51e2a45383d629921fce80d514d00c1971e30829e70be801e11ce2ec9145ea84f151ff45e7ce19a10a69632302a704257fc4d3dd278fb3fde5eb76db4ceae27491dcd316c72d5aedeae2d2b7ca1557d83b14d77f7fb8a2bba35d593716757f4c68b22e095ef403c56a5dadbabc85ef489ce54a6215925b3c96a92dc9069d831d3b825da1c91da6f7d68846c28c2feca2fdbb6af8c48c9ae5af240f15a89028abf0479f5c7f38f815d103f11a296388d7d8547eb51064cec4e0f8fff89683b5a742b43a93111914711ea5202a1b5ab48d7a6d27e296f1b4229e77412f569340fd2101fe712fe012b120b5564c2d9a06211fb4ea93302cd8719784f228da704bc81b662394fc3db0b29155fb48a2f9db6622e8c2b5b3051c67cb95dfd811a07ab03949ed533617b30e33315e5314b11d2e65d87d6a50c9c51928db24bd4d3d69afc00f5e56b27100130dcc6e00c8aa85172d3021aea7938d2d882e169148ab2afe0af160ee40686f11e5dbf7e8fb515e2305c211a8973583613ba9a41b20ed4e5643052377bf507185d759a3b611dc2a7808fd89db0ee39324e840841c3aaa02d2082866e41c3b280160d975253432024ab8b8712e2e9c480a7afb4e585b7b92ec2e52223623fb9fa5f1479df5638672b5b3bb4e6379c3a40dd62a20e97b7981e58cc9dc03a83e677cd1a91dff53ee3d29b42e5a563e98d9c22ef8410b51163ea2a621fb5efb753cba62e2ccf09cc63fb8a3cb648e9e7f0a5ff07465beeabda2bfa0750ce5a037c18cf6e1925b3b4a0953d86336bc5715aad8971d057210f940405b4ce59b475cea2cd6a2c27f87c0acacee6ab57730de2ac8338e1201617d00ed6853539098cace98c6b8fad88c9f9fda2981d0ca0f873e01d28b08880393b3418c15ededd839d7d35ad0335c3ce0a6aa94cf696d5f21542cd504b5c88a40e5c0fc93d3d84048f99c2d060377e9aa9b0f0714572d262e2af278a2c279bd8b468408de0e81fa8220ae4dad5bde9ec14f610417b324af5ca74f640496241490114afa81ffefb81d64dbdb562cdd8507f64c35d03feb2ec12ce2e925daebd525e4fefbe69d495e94ed4f55659a050335c94ff20d6eb89598c75b38a75f4a189828b31ab49808b290005adf978e4e1ad4a8448b75205442c1bc2ef2f68422196f2b89ac12a6764a0882ea45595f36f8a0b30e49e560543be50718f6aa2784f7c2c04fff2a26109d0a746de43345c004c08c41d4832447168af4328a2dc0b2f61387aba92202183a4046246101340cc00627a508553ba2d91c1f0174b663044ca8d2fc301ae22356260616ac467490e65edbc60264626203a9da80aa179303c0b48cd6b16c5a66960cd94121e6e2dfe53933f8099827910257f204b5eb13792fc817abd6deaab77eeffe77dcdd9a9af4cc163cbd7dc9d7b46a12a137477ed19cdefe90d80ffb3efeb1f19ea393273273c0ec2e3e181fb6fc9366ebf7f64f0fe9dd9c66df723e83d397f82fa31841e8a949c2e464a069b398dd6388dd6b8221fe434f870580db1a94192385cd281be56e325978c921c1047978d92bc7e9024bcf3bd82249720bbe583248f6f4bf476e72215f467b5b9657d727864ac06f9f37ecdd6808324fbe2bdf7aeecdcd4e202ff7ed7373edc2f861ac3f39d45aeadfbf7a26af781aacea46df881d307571dddd56181baddfc3facddd8b1ebb03ac3c9a771acb0ea1339d10462660da4e5c4c31a68cd1acccd08b43291b3a0d518326702c19870418847736c6a3066b605066cc384c666f1b29c2aeb72d329dc902b945b3a340ebac8737da9b98a81c6904f930c6b30d8bd119bb3b6a92dbc78a646bbdbb25e6330e2157414a06e517c12cbb2066b7ab8e5ca996be7ea879b7be366cac071ac0965cc19bb3a47be0c6132004455a6c90c750d8d0e7d70e8f410ddad81a05b8351b7364bbb5168a9453b17b5238f8ee072ce1fa98fd40b6ec4f9dc88e9b9112374232eea46b3d6fd2cf8334eaecb21f146c86191079ec6e0f3ba84d30229a45f6be1de92d6483ba409896a915a24a5e3e7dd6e3a39a8bca9122b849e160d25ce897852a7cac9c99185afac09e6a22de9d70a12f75681904429205126f589c98e9f17f03369e5cd2219a34c18c5c0a754057674379c11e3e5866df7afaeddb0aa56e1740cafe7535deb5bab7aebddf1dc9a9bc672f1e4f8a1f148be2d69d35314b6d5879a073255b9a42d911bbf696d2e0e4cab0a904aec4e6bc46f8102a83be096c3cdd15863c21f4a75aeef68da39502dc83651302b22ca30a738154bb8d6136f4a0442551deb08159bf45e7a3f719cf8a39af7a6155c2676135b20ccbb8909f08b9948d272e841a448b4999de6bdddbbbb2d66b3a57bb76ee428317228ef9f3bd8d7ba654fdfd05be36bc6778c4f8c53e9f1f4f8868697627b0637bcd937f2a079ce997f1849e4acca512b43d344b41998c586a01f5d94d55d4059753f175f47096a44ac52361eca1ff4cf15d4178d0f41cc8c8be381718819fcae3d0d2f15e0dbfa36bc5980ef739ae70ace3cfb3016f4598d1f2f8c514b49aa3c521930bc64241ab9185fb6ebe2b7229e7199ad697a2fa9d30bfe04b624f80e9965da6034dceb4cf724132b6b5d61af01e9186ca869b012c9d727919a3577743a53b262afddf2e175e387d755fdda60647545e385b6392d2912cf9b8bdbd395916a757dc9dca027e05b823adaae4f5b6d3b57c518c6918ff5ec1f5b101e57dea04619417e47eed57d9568231ec6fc334948e11a8d27d468bca246e31535daca5ea3f1d51a6c98b21b6be6c279af71ce9eaf2b9b33e62e21c6d9a045a95dba88c3c6e1a3e70ab0ad3d6737ce15ec797d5da57922e5122f752dc8ae798df96119ac917b0d622099b6f7edca798fa838bbafa80efc06596321b45bfaed118fd540b3f44253800aebeb6ce26318e9fe42df43ec224ee0f57bbcbbbb7e57031abc73b527564fd487e08f71e3ea5df96ddb9886d8eab98df9166459e3f223d5c39ebc32c7f46b0b32b2f120d30b84cc45cdb27349f3bec7261db3f6888dabe70a1bf3ea538c05f5318c325760fa8bab3332e5a027219eb6d008a36dc72e6357bd7e886711c8545b38bf7720b412c54961135caa165b585e52ed6edf2d2e57f3a90ab02e8f03ea42398c0a9b54647e99a0ab4a035c505a164928b720c40af53b3a43c6c0170882d09351f21f51311a7cfd32a4e86ed593e06ca65b449a65cae74b99119714a8a654775e4ccdb537e5d16ec3b9e808ab06585e82bc0f64b05b28da31c31831c2a64da9b9427bae291fb5e2984adc1ec754626f5cec3f549985fcc6a1fc059f520c9c9ecfdc2024ddaebf9efadbe1a551f12bba9fc2a5e37f68703141b89c4dadde887d688d3d460ffc219a52eb88d5f9ee7c7b7b205f9b27f31b4da9b9a6bc8c266a74644bc50447b47c71ab6aaabc88cccaa5f8650d744ef531445ecc933c956fda6842808460943530eab72c98fe88a4451421b9946d52b926467229889613674a4bf109dd2b0649b51277f9e6bb2b004e527ab32fb134c8c1378b9b49388a5936fda6b9bf6475bed91b144d9c06f50a644856c968342e870e008a49c1e7af2ecd6ff43b20bff904f132c6d42d0756224c6d3b1a4786a19e833da20ba12c16bb3f36d6d31453945853cf184ddcbeedd0be43fb6ee7e61eea3f9a3f905f19776d9bbb1d65a9d09ddd38825c5c9fe91829c564aaf8ab572d1610738823a9eb7b85b9b98849177ef043dc5ca1f4e8dbb7cd156ecf6fecc7a8dc38d2819e7fbea0bd40cd499052cdcd5d5a02d81b89ea5c7aeadcf084aa407fc932addfa1a359466fc33662bfb914172a0755ab73750536f55230be047518c4e07bd206f811b25647bb43c6f78e2c5d66d2dee05cae241ecc56b1495ae388cc5acc1167548e4893458ec874c399bf47dde33cebef1cc58c704ffd1ed39ead5bf79828f76ae421d45387f6e0ce46dd6bd1ba63df35921feeccd7e553a9406b6d2bd93a4ab8e7a2791d6201364d54d4184097bad623ce896908130faed3b20b3fca57283f8b68155b213b688d8e1251f75c219ab7e93017b01525c1320f28799cfcedd8bf01860c7657a258f22fc371cb2826577aedd8bb0865e3cd54904d99a950e9653c48ae87c4e5397aa50b0ac4e309948380fa466937cbdfd508f838d2cae2482b8b1bd0ae22de778c8b788311fcf77955bff56b929c5f93e4e0f11dac11a33fcee102559a8aecd7f43e3f8e84b2d40cc479da39109905743911819a525453c97e54b1e1e8ceb1da0da6080e382da71f5894ebb6947d6091d9a8b96c35a23ea597bd36bb5762461ec7db564553903d93afed3cb44a6ff52343105bdacdbafba6d51db73d7c0b192ad978fe6b74fbcae8c69bc883658b1b204257dfa50e41285603a396d7f7ea3b393bdafcf5e35a0b513ff0a97ff880a241c3a61dade52d617c94b5a3844aa2b5c03f5a241093405c04091a8412f0c28a1088844010fdd91504912008e0ab01100980b819dc150441143acf4ab67c3000f56578f6668e85427610e53c4067085f41f47c01de184c0c0479d7003f5c4cd986614fa4b6e25daf94fa1fa0bd2f153ba8da43cafd0c1104228d5fc4c317959ea1e6764bc1e9a631677da94c4d85a5df626fd132db5187004991f397704e3b5fc269d2cdbfaca351bd14bb376c6175f33aea2f246709baed3e494f7d46c77282feaf5f4439ec740613476d10649682744fc20ff68a4b10c85fa31a07a481477869bafa2efd00c4cb2a50a7e2a5ffeab7722b20105a919b4cb215b4a063340d6241100b80981fc47c20e605710f48e84092026deda0bd0db4d7808e6a20066c6044d40cd4e898e320f98b01f804d1ac5d46c79c80b683d06573f7006e87c0de258e8afbc50f8a3a31272b79b161203ad0f66835a846df55a39d0dd1a2e46fabbebb9a5c05afda87b1fcf86304f3ad17bbba2e4198ab98c9a87b1604aebe51da95c428c979bb07cca25f44afd209ea7b72f8456baa01855f22c397c4aa9bab491292aa4e7d0dc4d88f511297d476f426287f6edbaa061e3125d451717d4572c225b058f127fd808e9e7f9b32da133e7f9553a09e27c9d394d195f4f9e3f06cfebf216f83f2a9270405cf9f91e48b242bc339e7970de44f48f02ac95a822e8717615a6f3597f14c7e9c65af4c95b16eb6ea591e225d6f844867598874e4b80559df1547f18c34706866ce9fa00e639be1a44a016e48f54d6856b941d20d1cd858e3003153b3898cb3c085369ada5cc0d90a8fed4ee01f707296016e48374a0c69461254f924a54e08343150e2b2ca469ae903413048a90ca9c5124339901b4b892c2d6a908f554f36dcc3d4d5bb0212c91c66456afe9b0631e2f385ac2c0d00f50e2385029e88c4cc3f234ab4603581ac4ee6a82d368789a60c66e39534f9aa85a71157477bc2bde4b7c91ced266aa0defd77784dd6dbda66c1fa19027979ce824d39af397a321070db8e05d2a0369d4b93e934e73e99986c798c3b404d69f9605056923909670bae74fb8906a2270bf0e6b4ed5881488be9dfa7298182f727dc270b8949aee5b1027e86961646cb3c58ae3e105a36eb6079f3a432e9209973fb82aee8d6b6eaa1667f62a8b0729dd1df108b76d4f80c46d9d4be6b45efd6aceb23e389f6985c5f5ddd15217f2908bcb1369a54aabbaad2ab6a94b0bbca63946d52d863b1fa1cdee691cc870425a0c4e39138845501c2ead38c8588112dc4160c2bce5ffb1cd880cc11e0633989b0f83953f599d0a473af69aa619a3e50dcfcce66b524ca1828a855a8fa4c416d47374c1760cbe2567776516a8cc56b934a0d7acd02635337bac94fa3dc449efa748dc31d121513cd882eabd525d2f59b1a729b5b5d9f30faeb23d1be4ca23f19aef78bd4db7d936b529c1276740846e4164579689445177eccbf5413cdacd9d31bed6d0a249b9f4fd7f81b57c2f980a8c4413b895a625cab6d129d85233673b653ded013e649eac9eac4a7f4072a6b12e2422639c56b3b55f09a434f14cc93d5d493856a7de25305fd8105254c70359712462b363e1915ad78c4a483d4e9439bdb3ff2b1d4d0ed9dd6542266e7198a6238bd9e4b7405fb87870653dd315eaf871a54a35136728ee0e31f1f9d1a8a30bc247126d9c45b654e17b4efd8b9e3666f9895503c591e8eea5e4682b3bc49adb0709675363d07364251b5063c9c1325ff5e274b25ce2893f59f142a683dab66d32d6213355212670acaa450ffc9825049d0d9ae726e821b4b730489f85e675052cc4c666747cfcd5957a07b7b57dd78426fc618651e4af42722507b107cf5b1c8409afc958ac1ee4c5d66f4fd1d7d53a3a9580ca469838e823c8f9e5f9b4e071a5786237d4dc154139aeffd70ccfbe07c8f1269e230f6874843a9f7a3336e4972c766c1869c9d705b4e984c6cfa5800251172248f0726d9938e03c5ba2893a562b725f7ed9cdf64395180f7e8d2709aeb809b82f70592c70b8149077bb2e038502a9482e67765759152c621c5b68008caf986c87d2ecbfc3139d95317ebaa0f729cc1144ad5b5044e9e8c0fded1db0705dd8fea56f5861b23165247b89cf115550a6f162c2e8fd324b0f4f1937d93abab127ddb9aa5be217ba211d7988c90df03cf321ea299588ff71965993029b360634eaa8a850c8fd7ee0b9d524e55edf74c99f663fd744e755aff43fd45d5d9d95a6b78bc50bbaf2a74aa50a5c05fb52556342bcd79a5bd2f65a9188ee6b21f337896d4311493b22369fea06032f2773326b7d50691bd9a87fc69b5bd6eb0de5e67636992fe5793cc9146c15de56d7578bc8ef92e887a1dc23ff81787d7e3686e196f72195883d14a504415789bdc0de76c07314cdc4cfc5addb11f03bd448290c1389182e2cdda0b7529f81375af98056bcfea8911c4ccdcc43ab03e9788ea4e64f727c64ee46c6b6ca42d7fcc9cd653cd503c118440ee58f3646003d8702c17000194acd3c0e70377115da9ad73932a8d40e56beed5ad73592ddde48f2ea3ac826a9ac1377056df5c5d5677a2005f601b3b51206c227c8520e48f15f05b7e81dfd29c3b5640ef8124150046aae2450e2c286ad9abe0ab52e20b5b53d9521e90ebfbef365fe3be0b7ff5d7baef328c7646ee36b243b229d8b9bec9df2a73c658e0b1f470a3273cb07f287f6bb7af3aee09845d8a33d4b9a1c193b19de7f9e7db5adc49b7b1add193721bd34d998f861d43bda9b6b059f773a7624939d2f97a9751e0eca2ec2019d2166b0d2556367a95585320d1ed33665ce176bb924d65f20d6e86767ca6b645f2c6adb58da23732bfc7e72375eeb8120e981d015c4187fc1e7904ae481a5f9e4ec808831e8287e46c263c52c26e9a4e4d86f6daa7e8a9a25368b632a13f6c91324d174a6d8a9ea095ab105c7d62d7f704258fe845b7d502179c96d6703e49abab0f535c85d29b6bdbc6ea15f257256a6dcdf7676ae64f16cf2bd79faa44a4736d1672aa9d709e92f45fb017684ea55e05fc1b1c1c018788121bb8669ce2041ed7ebe51a0bc839d375bee0cce1afe0705c2f23bab05cd3f7960aafb33fd16697add8639bcb4c1b43b5e960285d1b2cf7997430068624e1c7852a9f2f59e5f711e4d59f82b78100fb1882dc7448d3e1c0bf9d4d0a045a46ec50b3739d8f7927ac4fd27721fe89fb7951ed68ac7a16c98d8558ce3b415b9f2cd098aeb5ee968d83cdaaeda879e98e0342aec9372b6905f68f3730acd92645237ab3db82062384329960389d09922fd5ae6ef6317abd60113d768aa66ab264e335a351a96927a4a64662131a4b374fd48147507d190870050eec1928257260165599415e60139ebd5291ae34b252ebcc60dfceca16157e6225d1865a829c5aca7e627a8ba2903bf5b247513c124bff70314dcde838d9854df9ace9f3dfe30d15c45533ffaf4b1056e8670cc75068c406ab7c66fe2dd9ac8e98f8231c718577ed86194edc8b4755f4aeddab8e60492afae3e27e95fb517eb73653a9dfc275b78fd887676a73182eb667d31d1222140fd107575e2b679aee9e0c4c67273b9a93f513c9297b0574351fabcc1b59f81f01d8de0de76df76436305d5878c3222faaebcce2c5e788a254171ea51457f85b38304c4d8d4d819509c6ecb2d8dc667d7d53a8a734cd9de1b0bd7e5bddc04d0e774326e3685b5d675d7eaa2f3e271d02fcd7d3906ec978624e3eb262bc55a3c443105ad55a95928854e66b26c2633a139f8cd803134500a95e4d88ab61d098e2a633858a16153e4cd7814679f488a31d4208b5c0a136b786fb13452038c34167fd8e86f6f1ba05dc6c000de9c43543c283819c6c1594b99e82a3b140a94bab8e67050fa38a3150ca6439e7e3e6c9f013aab650511dcfec7c1c0acd74f889a27af0deae42cde453c9d13bf3a31303a1f8f0c1d583fb06a21f374757a4ab5624ace8b8fa26eaed9513e335f1e1bdfd2bf78f552787f60e24fa9b7c9ec6feeaaabe46ef36d4db027887fc34ec2dd2726e5177696b39047e1bd672ac840da9385c6dc6afa3dd13e2c192a283c236e62a151d45d572ca4d2b751dd4ba72448bdd7a4ab8b856d7e9dab6c2555d95b0170990362962c8d5b0b3a3acebe46b127d894803d275fa274753acc56b9dbf42a36a2a0c94a3e6d0f48428aaabcd8cde81759d54e3f3356955d781b4075ec11a711ff6b20eb90833128c051777313e1932db7c13b6a9b247ce1f2eaaf9928d71ee62a1fcfd0df8e1a804a796e704af40f58636f090819ba13ca154ce2d47552c6c3105153d94c77f28394c7a9aa17947c23bff858514d7ef4fd80d3a03634255177ac86f8339388a2e3593e6d7892c58f74ca03a502d3867c14d392f21541dfb45ddefebc8bae6e3ce2c1d9de48e7d4bfa81444aca71fa4065ed97ad0b8bbfe4a27555c70a6a01cb68f3f102be57e28e611718c82f245a39aee1584d318a4bc06c5ddae3a5192af4ba8536634def8310998b746d6a0ab4a7fd0243d17a1de74d34476b3aab3a07ba9281ec58bdaf21eee269f80dcd28918cbf1e0adf835d55d4dda99e1a076f360b769bd122d0a26c0ec53d41bb3d916b8a77a414563072f01b49a08da231e9f2851d4a1457ef0c43789da69f22ea55ade01c11f6c711d6458b99f7ef8f9f72f2a72cfb534fead5597a0907245ffcc3b77f8cb55c9b7fbf257eaae0b4e42cfca98265bf3ef5a4a6e4625782629624ace02c96ff17e80848dd45d7c06986537c41f38e75ab799e1746184dfb7b049ef18f04aa5c3146c7d024252a0eb8ecebb66c033124ffdf471b689d0e7edc87b583ffa8ab37eb7819d3f4b7c923b4154a296a954836acaab95ec44fa5304b2527ec1381332525b7941c5c2d44a2351002672ad4dbd282be50bbadd8465716eca293479c61d96ea46b7737b48fd5290c9418ad4e9169c906f3c922b32da9b3f598798261469db2ccfc77fa073235a0503c8763f293df87fa8d95886b1564e42014fd1e9ab1040d41b8b66ecef1fa403068744d18a78809759100ce8ccb81f4d6520599d2f7ea12a125e080e24771df12eae60bb72d49bfd56d3650ba6729ce1af278c2368e7a8ea659d163553c32431d27a9874883e8a6ad50d210ccc6799301c50e1b7803f84f41120c348947b3dd62014fe90d0c05c7514d7e9ffa9f701c2b897bb0977a2058a76432d61a38981c1fb4caed56837ec50a6b17da8b93f4d6e689cc0a2be54e4cb8a78a23534bcb958ac9e00232c56a32c5dac1e6c5f755d6985b3ce8f8f2e3aff8933a0249524fe93e4f192c41973b6863c97d80dc4db1567466e5a87fd2517ac965b57b243df90192bc0be845a7cde63431d48748f24e60905430f166530598760bc2fc27cb4033897c096882009e5209c0c0cc6fe5b533347bfd50d7bd15c230a8eee32039eefc398381b3cf82879f092a0156b1ce82477202a778266cac7982bd93ba4b131c16961552791c57d1ca51da98d5caefb5b450e5a2332da5a233603595aab27bcd403772590f4c3e9703caadba13e4474846f23a1c3e33a049b391d7198cdc34a998ad828ed40bfcfc41127c5ccf4182e22d225a7d09ea028e7de3098148146b524ece302c85b266be7e49154a67582a87b360ba5ebf54de2b55550230560c2d9b3fadbba405c2cc4fa367eb0260887e70e1b3efc6cfdeb5e8d9bb9679f65075b6b52a956d4dcd3f43475b52c99656f8ec8b0409b8ab7f0697e96d5048481251ec9b4447dd23224a96f31a4a26779e8ee6f03952c95e7bb95294a162a540a085c20d781ecaff369b47d64bc0600b7bdc619bc1c43a137e7fd2c1b28ea4df9f70b2e060d14b977a5690059a81d3ec2fd960cacdf3ee543058e3e479670d82ecdcd539705ab71df7b05595c214721711206c64f63c2f56c1febe9f809d152f1665b0f3e862ce8daa64b9d0f505ea4be3729d3e09f52f9be2161920319688c71db2e8595689783d313bcbda631e6f44614113ca214fc10ff2aa207234cd9b85bf06bc7107cf3be25e6fc2c971ce04a4eb07e79f067fa41f21c244bd1aaf4d21732a855c5d295c7a9eb2f9f907892ee434810d3ceeb3e8dcd1857d1c182816caf65251f03485a397d5390c7eb77debf69b6960f23a659745a09ac75b3dfeec780380ac4cb17b4492bee5a5f94daffe647ef3f70489a7e134a56f7de5a7af4d4e5efed90f6fd3310cc570229a79f7c21efe06f63048ac54294a56ed93b2e6b9878ecfa09ecaa864cc791e7b37ab3d4ed56b5d4617b42e23cb5fb17279b3dcd448c635e2b02b32f88da775ac99122c2ed9e535027acbb66ddb7424d4686d1ec940de7690744ebef6d3576ea5a1624bf392f05df0f44f5e054fbfc48a50ef6318dda5f951d8df07ae9ac10bba1908d15a754f41049f2518c2053fe1dc23a9b310a0047242f9c3ab6fe09a80d3f0dc91a984a7754978fecbf0e0f080cee873c84e0b4f55f7d4288e744f1514f85c36c81574ba4f7c6efe0ba7a7e7bffccf9cc44170eae9755f397d6ecbd699335f5e07a51b8ae6506e877b61ef9ec5bdab57a1e907f79db59989e7489990091a9e985d1cee1eec9ca8f60f5e7064de03783e0a3c6bafeea9267919a2db6704bac181fcb08e327bed90871bc8aa9eb403bcb1e5dce9afc0ce40f0c13e7e1eac9f3e0d367e8e3571340565d3755f3e3373f52af1e0551da4c83749863a426c85e7f7c2f3dfe0f30f125be12c7b84ba95fc07fa60251f70c7fac57ec8072ed5633ee0cee173c4072ed52fe003459d66d115c5467e9811edb2ec303376ce1ab43b825616cc7f74c1b5da18f591222300ffabf8d77cddc26b22e6b1dbafcee99a740d0b2b78f6e10a9e7db882a772d6bc05ca10ca34bdfdda0a9eca4cc1bc05057128670bf0fb1baee0d9d471e8b923f75fb8ab051d8fceded57236327ccfda91a9d14464f8eeb523074613a465ef8b4f6c1e7fecc58305743cfee207379c9ac875dc717cc386c727e1f13124a75e7d9764740938df3ab02467e76749d7394212f859d073ce733364c15d5d572ee13aab68f742c879d0373305fc1512dc5c9716c4f2e81946dd0a6d896a3a3fc970b6805d09d8f87791f7102a8b06aa74820429db2feb9d2c5a9bf53c476d3ac1237a979c92c07c93a44980f819e209b7c099f430846f277140a562857cfff98628fc21b2b3e403337c209075cf826c8e6d95148a496f11b3b3a06d9ad94a209f6fb4772c6511896bf5d7d19a04ef48e35bf842f11e06dd74b600ef7220af6db40f0c6f2b8ead5865118d6a51b13246f3be21f57a5c82f1619a33b357b246c564d0b16623b0f56f6eb038ea861a3a770dd6f20c6f80b3d320b56fb8b3e7a6076eceb87aa736be45d619cc1c9d97dd32ab977c0e5bc069617fdbb163cdaa603c977605e201067251a8951ac548c8111fdedfd778cbfbefeafb26abe6eecf5f9da35e5c4c7fab30fdadc2f46757e9cfbe24fdd98bf467ff9be88f7ab1aef0d52347bfb82b59bbf7ab473ef4c5ddc9338e15ef1f1bbcbddbebe8c0471f291734fadbfb02a2bfef1cd9786a7f57db9ec7366a4788dbaf41dc7e4697849ac4988adb24e9ca99259fc4c31fc26191c33727a559602d62f335488a4507635ccecf22e7601306b52923cff5daa5c5886b082e419ad89792fa0cc319f557b640f1896158a3019816d0a9ec901d0199f92d1415e85ee48dae175d16d925b1e45b9860ed9243e2996f1509f6af8759c985a8f64e38b24f41acb4a9bb1e886aef389f09c31fa26996fcc00caf641808feecb9aa2d625305bdaa5bea95c40a1b56a196cf146053a66901995666c55e48a3b16beae99549f453340b49b4c96433eb29ce2c00c7e0e63a71e7fb56bc6fa8de48f32ccd295d9ba7ba363db8a9dad97b60f31cd96830f38bc9b36be79abec8c8e6402268903c16575089849d89a1424fcbee3d1a6992c46d90322f2fa6cc164c992d98324d6a6d63d392b58d4dc5dac6a6bfa9b63175397be797f6effd5ca1a96de24b13e8f8b544ff2d6dbdbb5786e2fdb7b4a323e938faf2a3c3dd0f7cefef8ebefcf7c3b907be7fe2c0a77724daf63cbe051e93ed7b1e47217957df05977571c819db4a9cd1722e883963f7398f5a47f4ca0bc8728938e3590131c66ec818b50aa2a91796e18bc55d697099b3061c76bfcdf02bd126c0459133fc376fb1bb65875fd23bb0caa28752e88ea31c69f4da25bb24e83ea96755e505f66f0ba4af94ae9ee820f617e96b67992bde5fe48a8de71b14267d2b62894dd3cc6d2a4bcc2ecf121b736c41bd0331c4264869b7690c31bb34436cb93e435460270d46c395874c36234373b2f187bd1b1bacf69a95e986755d299641b58f7406a979f5cea6f5f78d275ddd076e7e1a5c96a53ec925b38cd9add87c4ebbf195defd9b8783a1f66a873be442557b8c56c928fabcb6eaa15dd9c65d530f6ff827e451b1e6ea7f50a31026485ae82ccae4cd90de02a42dc70aeeb7a55ba3ef2c22b59c20b9df2e48b7d2d17796a032ddb254365ab5e5c49e55fbd6ad8849c99b4fdc71fbb1cdc9afba9ac79abbd6646477d3584bd7585a22e543df7d7434d8b5ed038fad3ffcd2a3a3838f7cf763539f7d5fbab37072033cd6ac289c8498fc38c46435a4b434315ae481f2059f04d91f6f916741ee7c787752fa93863bb4165fbc8492d6a1e5d8920ba31639ae00db30d29f4ad8aa58964b1cb061590e584db33c73e5599a47e9c678fa7fff52b2417d92e10cc0409b6497ecf0c9cc37f5f0db6ed969d6ebcd4e59768a7af2cff7b3c0ecb74b0ae40e9fa374143200e9ff3a05d57228c9ed86a36a84b860a81fb02529890e125622410caab8b19119881b3f99394b70ae59c09d35a3aa0fdc34bd5ec3d0c537d40ad166f42de4066b69f43de406eb97e506b66b05a5ae23cfdf77f899bb5a571cf9c607ef83c7b355a3070637de33184cae991ada70cf50903c7af2bfbeb27dfd17df7eea89b74f6f5fffa5b73f2b3cfadda3ed230f3f3fa91d8b92126d87fca041c552909472ac5de205de334edf8414d34b381b1d924a053e872f62edf4ff8b8024b0babe133c25f8ec321690289a022828ab281f41c87612878a9ce0e63227f8d0055e6acdaacc208d99c15ac40c12d3ccba4a66b078d5b9a0de8458425a63096b314b484096b06e014b586a09fabfec7d097c1c47996f55f7dcf78c34a3d1e86add9235ba0fcb922c4bd661c996255992e53bf6683492c61ecd0c3323cb4a1c5b760c3890102724811c0f1c6e3610c7310e2609ac132b2f4b422084c066d96563e0fdd8b02f66b3ecfe888158795f5575cf21cb8ec3c27b8ff7a63f69baaababaeaff9d55dd5d3d937203d3243206354ad3a43f6cf5ae3467aedc54d7b4a7a752033cc3458ddadc34ea6fbde9ce5d15b675c7a65fe62ac930b4de9299a2569ab26da9d969697aacd979cf81b1b2b28d4d7979c5301265590d696683a9b0c051bff3e6aed683271efbd04fd4960c699604524a4165584baf7ed397bce85d28bde85d4e1629161ab98d7bca71dc2bdce4fb1052c97ae45481ac98b593d4d35c39092fecf53141bc4815c4ef5110c445c9b07ff349d81790f50d5c799b5a23a02ad48678f26a749b9afc6a9a6640c321ba5ed648bf6281235f1f41de3b85840669ca9d19cc3f0ae3fcc36cc1445d6c31ace9e7bbe2dfc12fa3eb03636f8b67480e54f87e0e04fe238bf31f19ff42e5f4e3476efef2445995eff1f95b60ffb821a3ac6563d5e6bdab6dd9ed9e9ec6cdab4bec6aee63f7fdeeb46bcb57df3979ef3b74ff35d783fb37af4c1fbce319dfdd2fcd371574dc14fa3092667ce047155847b55050908d0bb2704126cecfc0050e5c908ec952c8345c4ab5631140b055f4dbe08842aa3022c247a5e21b7ba5a2c84bc575e0a5a2c84bc5e5dfa5e7c04b0dd97672925d4b3eb566b24ad6489736bf7606da348bbf3d1b577e9e3441973eabe18c93666c268178cd99fca152d339ac945c87c4627139f2cbe4e7bfe8d79b943d4f658fca62eb627749817acd591f34a1206dc4bc68b950fd679facf2afdfa761935513091e3219263f9cfec7bbc864559cabd208f222d589beb4019765e3d22cb212b98d083f8d08bf0ddb8837d8e8ad221b11a60dcc391a6a9846563dc51d465a26422d5977ac25df2871c32188bc8f2e4621d18a115d61fc970f484b26c57fdce25d65c9ac1faca33f314d7edc9b93abeccddbf635b380f491c0cb5cedf50352499eca926d35da4c066b41be9d06a45bee3a15a2010946c81e6e81fba9fc5f38a54c0ef27f084af2b997f08cfc7f4089422cd9c0fd909ba4759462c91e6e3d762b825062114bb642c94e5a92424a68ac2be57ecaf5d17977f409f119fa84f809f284f882712eff82fce0554f882ff88c73f2fc0b3e38248587c2f7996d733f2d1eba7574f32d8345259bc87ea0f8938eca4e674dd78a948caaceb29ace32cb3330515a553f79dfeeedf7ed6d6a98bccf331ce8c82aee996a877d6651cf147d5ef65e159ee17aa5fb1030bae2c7be4107d77338e54ce601f92de27d0836c08af7215260ba4d0e45ef43c8af37df9e515932c8632fe57d068b46cec9d5caa7782d6827355d2f3b07336b1e461c25171954721a9bd990aad7c8035806577532a51c106e78af819b049936b0d9cbb740a2ff79b63cb71ce603e7b8b56d1a75daeb2573baba0bfccd48fc1e77369a52d9ea4bd25ef7c161beee820f2ad8a5ef67275f1a963893bee6659b8d9bd4191657c075b19c57e9350fd4acced3b4351736970be4f78978856545734fc99addad39fa8a2dbd7b71bfce785756b64c67339b6c2966edfd55fd6d0df6ca96545baac29866b26558d2ad06a1b1bf3cbf6bf354a787ae64dcb3780abbb91f4b770bc9bdcc43f45ee63cb997891f3d63cdd11e436b166237339f2005f6350bec6906591b6713ef6727deccdcd3dcd4d228c35abbd56835aab9fcfa7cb3a5a02e17abf469664bba8ee7beb9ff0f476ffbe31c79e18593c965ad878edcd6d979ecc8e1351cf9a9009516d06d05743b29ba3ae95ee6217a2f137f9ddecb9c3f637468183c723393daf413a484e12b8cddcdac5bd9d000828ebf9bb9d3925f9fc7ab8d3683cdaee59b57ad6ae6389d3dc56c3328705e7d41ca739db71d39d40ac838f23ececdbf3f76f40ffbc94b4d1c2fe7d61c3e720c7caef1bd7fe73cdcfd319f6bb3a4a26c8d291da79f321ecec9c7f9a7e447c1343e047fb8f2d9d79e157dee94cf78589e7fca07076ff40a97f3e475efebe99d5a9b93dbb9af77605f9be30e536e43617e5dae2905f828a9cdd1e3751b0f6daba9d872eb60efc1ed750d3b6eee6ddcd29495d938dcd8b9a3de9add3c0c12ad862bdcdbb87bc0e71a259f3bd5a6a14ef76ee661f991048f6bd310977bd7470f5cf7be5fd4df6e539933ac291966ea6f320c97ad4fcbd47aabc99a6e949bc932038eac76b9dcafe4d57035673569647ecc610c0640fcad052e1a1c20cf063422f9db6b4f127f2b270e276b33a94d6938ed54c9617d4e1dae3bc5cf13d9d650e1c64d6389e79df24125beee940fea443daff083789e43af5974eb8ce446bb56fbe1c29a6c7d43455e7db1432953c979b9a1b8be3d1f249b612eed5db91b6719f4f599e9e0792946abc5a8be39bfaec2995e5c634a31290c36736aaa29d5a2cba8e92ccd5dd3b1b17c309b8c048ddc01ce23cf82089e0a5c7f144aaab923f836793a9458c59216eea39c83d6b1911264421368bb6c87ac1f299111a5a11cb0bb4ab412ad41ebd000da8276a3491440b3e830eea3d6e81f9cf28df81a0f1c6c3958128c3823c29ef18271554f9fae0fb575ca3a4d5575a975be8391f1becebabacebef1c8419f3273eb4e7be6fad0fefefd6b6f3ed47da866afbfc1efd87e53f64d96a151db28d7d4aa68d5aca83054ec3fe4bf69b4b5a2a275f426ffa1fdcaa289b1bc2254f972e5cb66f1c55bf1fb00aeff81c919960f7206d16fe39f86afad08d92b1d1f1422f5cdfcbcfabada9a62719f22eed3c4bd745cb924bf74bff4b8d296982f5cd2bed41fff5a555d5dd5bde4e39ddaeadaea02925a5c5903dbd76babab6bb921f279c5410ab8dba275af3c565557535380abebeaaaf10be4e0e24ef2f90ea97d2f49f1f7c34715e416ffbeb6b6fa0dc8e04f416294b4760b7ce06fd754d65fe981d47d5555759c20565a5442e24d72da3fd455d55540026c35937b997b4dfe6b4ea1824907e43fc1bdc27d16e6350ad559fadeee76ee79ee49f9dba856fc2603642f22ef7f98f403d5bbabdfa8e633aa33aa4b73172ce7b88f9c295d50b14532ec8b5b70e525f62a488ab13aa7fab3d5bc9ed5b6e42ef848fdb3aad2059f4a5c2c237ded8af82259fc17fdc2504557c9e4c13810bf587b255dafc83da9d22957ac1974f6cfefa8addb75b4bf3db2c2a43668d50ead63a4a572b02937e8c95a5959a83359d55a1d3f2264e9946969e6daf14fee1e7bc8b72a2fdf90972a649b9426a1b0676fd7c73fa2d69b941a9d8dc8623bccfa7e267f1b64f114958d9c7b11afa6b2fab628ab1ff06f902760aaf3347f27c8f24d9a7f16b1f3ff8ecf90ff06f217c4fa2f7187a86c9fa7f93cee255925cc1815aaef2272df45d405ca4385a893ae082958c8cfd2e92c59e7b80f9fb144973cc2acf9128bf3050bbe2515ec520d3a3a459f0017e7469f0f8a5fc998a6e46bb9efcbb136db6ecf3429646b177fd5c2a9cc99767b8e16cbb18653c39060cb366bb89189ef73bf3398d41c962b15674e93a7acbccaace77ea654cb384ea6513cb8f803c44b9683b251196a642b5ace385051ed77f016a48529c0edc88a9c603a06a475142dbc52836b6a54850b4682bc76411592de32d97589ac27bef4da25d315f1f7e72d8e9aa2051faac1361e4e31162ef8c8496755b5603da184174c5649abade8722bb2d44a1a1bb2799e8cccf956b6ca3f9ae43e9b925fd3b2cef9aa31dd6138d7b36bb5607094a40b8d25f667f419cefc2dbb851287bec252d050327528bb2c2f853f5dd05a53e4d0a7d8b9efd853326a375466d696e56b15424d075e65cdb3ebbe67c959b1f8edccb22ce3cf0d59a5cc83a81541b4f7519964661aede7f0f6275089917892ae4e2ed7d817f2f22a350bab8817a52e54465fb921ffd48d2e89dfb76f84ca79f6051f545fa559f09113ce56a62ef82a636fda90ffa5df7320be60542fbd6793cb966989afa18bcbf0b89f91d576aabc55832b9b76b6e515b6ef68c86e717c4da3e141e558ab301a14fa82c6e6d5d93b4fb8eb574ddebdb57ca0758549211fd15a74b2b4ccb415eb279b3b267b0a0c86737979c6542dbd87bcf85db3dd6233aa5679efd971d3a7f7b5986ce905852015d19750119bc19e266165db596dee82292c07ed22fa3aff15faa5ac26881762a99dbd8e9f125b69264e628bc4752a69e24fa17d4361cab2a4649814e45bb86d25b969329552afd79a559acc548355af94ff843c7a27d70b57be5fbd69558e4aa3936b521d45192ab95ca74a2bce219a13fd1b35a33d146379fa39bcf589fc2a0dd9a1fc7a628515695a3ebb84a4b2c3b135f164551618718de91219f9be85ea97ab99b00e2b3a3b8baebfca8f5b73ce2c392da5962c3a62cbb3df204baa52320cca5f63980c1b4d36831aff13c64a93dd4ad6d365a774a709e926c577f91f292dd674cb7a4d8a4ecdfd12b8864d29e7daae3cc393758432850cd217a2e53f7158a109f395df727a8bc3a890ebcc7a72df9b4536b49acdf04e6b6bcfe1d1275697a43e8d3783c337820f1b2bd2f3882fa747c31491c1a59ad744115c5547fa092c897b69d55931798bc77c35efd97c5a6d515d6c9521f7a6da6051175932ec76e30f4d05297001a834385253ed0665b6b93135c39aaa7dc498e9483743d8323aac268751c9bd4b56b428cd39767c3cabd359b7a9647187f4c21cf7baddaa30a4a72cfe30130ca9bcb623077f4dae94f3649d29f9fe4916cb61fe968fd6b2eb7413fe18846d07fef8199575414f5c376721ba961b02187954a3b72ef8c8a1b3f29c85ab57734b2f225df5c422a37cfb47b73ff165f2f9d8a377a5560d36b70cd65853aa065a5a36d55865eedd9fdedbf4f273bbee87cfe75b2636ac28dfe859b97a92ec2700ab38cea04c542aeaab40f134de86cc280b028e06990b16140a5dfe821574715a47d77db237fb68d0a5173b0a1859a08e357fc127d5b2b39fec88a2cf5faa23196523df4ce3eaa1c275635d232a0379bbc6a87498ff26a3aa7d5d65fa27b2caca6dfd7d45b57916d995567757f1e2bf454deff5f45499a1a8717d7d61ad5db9f8aeb5b08ebc8fcdc648b8c6d84838791aad8430b0029ca82a5fcb2f1918c98f8703fa6bd6b14b95080b51378b5bf028adedab8d2e77ac8daef2e3b7f3da942c9b353b45cb9de08e721a4b565a5a0e645e916163767a7a9649811fe4efe21406b03cbb51c13dccdfcfcb8dd96964c512cffd4aad2157511a355e5ce4a434f73a195639995a79e505ae913c3124b73aae3ccfb590b5eabcca445606c5367a1736837e6cdb5645660c165ccced9205e9952c7d12cbbd74c66794e73fcdbd847c10635f456bca88c6def7327597b0ee439b06fd5d3939dd1f1a1a0c74e5dc6275b63b6bdb8b8c36e75ad8171ab897773f1458dde87bd8bde7a1404be3be87f7ed3c3c985f3dbabf7bc7e1c182ead159123157e206ae51e6839090f60d7d5a06af6540780aa4a6b296202117736c1d345c89d217f2d8448edc35b5718d7aed62b7c668d03ef64d9b49a37b49e548cfb5ddafd563777a6a6abac3caed99d2a5e6a45995876024d45c69a2bfdb8557711b64b3704d9573c6c4e7a55029e4f1e5f19d57d21f3988f59e702149f2b19f91271792dc06bd6131dd9c6248fd427d77a979fd86fcd5d5f96aabd2a02e695a57d2be674d4e6aedf6ee3bf1ad19d867cfb0e664e75bbe583fbaae3963d5066bbab526c5ae535aadc6bc557d65c5fddbf775dc0eba6a45a7c0c8f6525d09a0ab760d8567e45e4772723b912aec27880588f755587146f3ee8eb53b9a1c8ee65d9d6b77353926619252b8a221476f29585958d690a3e5f4034776d6546e3b323c7094ec8f6eebdbbb36bba4c7ddd4e725fb3190dc4de8294ec97b405f19a77569e7b8bf7f224e673f263a5b033a2b7c1f9d29b5aac5bbd53a9dfac4a72d7aa5f62b8ab4d42ccb4195f6a2d56c49b55af0ef47b5167baa45312593a954579eb0104b1940dfe6d2f86954818abf61e4d2722dacd75ceef527d49c9365381142592dd11d5c66dd98ead26c8bfb0c46adf976e7aa3cc3ead6ecda922c9559a155e65535e7360cd6a79bcad637edc7ab6dffb2c2e470641a6f2f5fd7526dab5c6db69a4bcda96a85c5accba86a2bc86debddba2a44fcefbd59d96f513ad221f3691df734f7df01998e3b8f889aacf5b9355676b922fba551ad2edab2c75377fbe7d2cd0ede286498117eef2bf23b6526f96f61066c38add082659ef629107549b6f43f975c2af2ff6980ed8faf6466ca7f6bcdcc4aabaea3fefeb78cb0ef5ac43571afde28f19fba11921996a157e4b7c44821bb069df8534959735d7af45aa4aa523d16478b8cd4fb96a1ef6ab645e9454aef259256436917d045ed455d6e1c7d555f104747af41ff4ac830cbc8e88823af482f2c47a642d33331323baea2b7ae4596cfa4f4c6287583758b6ddc369e9622d2ab57937d327db7e34b1953999d59feecb4ab29c7b40cfd3ce7e7c21f727f999f9a7f9a51c10385e3848ae68b4f4854b2264a3f2654bae32a3a517a62c59e15ef960d02fd9e90b33346e56bca7f114f154796a7ca2a4a4f31aa7a2446d5af30aa1963545b5ebbea2a7abeeec1fa27eb9f5b4a0d5f5ad9bb1c355a57d9e2e8e3cb53536ed3679ad5cdb7b5c85a0eacdebbfaf5d615ad77afd1c04ce3276dabdbee6d4f059a5d6b5c7b68ed9b1d7d1dbfe9f84de7f0ff013ad2792a4949faaf53174aa0ed7f317ab49b8fd250f7e7293dda7de6dab44efe6721f7bab33d5d4be8f3bda6de7b96d0dbebdbd6bf98481b0a379cd8f0e92574b9afabeff544daf870ffc440ee125a31503bd0b22c750df40f7c79e0f2a077593ab749b5c9b5e9f1a1a2255439d438d49ea4ffb768f813ef4bf70f7f662453a4024a4e4a75232d239d237d0994dc925b724b6ec92db9fdffbb9d1939b3794d945e24349a49e9912d79400780fe99d1d6dd494a52929294a4242529497fd5349da424252949494a52929294a43f139dddfaf6b68e0f44776e7b717bce32d44a6947929294a424252949494a52929294a4242529491f84e87b25e55c1ef99a1892e44cb484a7effa1b688ea7efa21b648f8b691e15c8be23a6657175e4c82efb859856c4952bd17ed91fc4b40aad901f12d36a24288f8a690d77325a5f8b46959f13d33ab44279594ceb0d0a9584d3807cb612e95d38acb2dd2ba63152a63d2ca639a4b4bf25a67964b7ff879896c5d591235dba564c2be2ca95a8393d4d4cab90d5f69098562353fa9098d6e0c1687d2d2a4b1f13d33a644dbf534ceb957cfae7c4b40135085f04245846be54d1220f8a692667966672666926679696c5d561726669455c3993334b3339b33493334b3339b33493334b3339b3b4de6017fe514c33397f1509a80655a16ad400a98dc88bdc288402280cff132802651d900aa120fd74418917527e540147da910f484043503689a6e05898e63cb0f740edfdf0390e35f5a807526350e241b35063005af3401b23688ea604d4072dcf41bb33b4471fa426291201fe0350670ece95fa10a298ab502da48aa2b995c849fb77410b41a82b40bf2ee887b4e146fbc4baeb213705a5e4e80ce00b47f91981722fe5c1774d3c13540e025a0bf93138424a5d540a893cb2760222a702ed65068eba29bf927467e1dc102d99815ae3546a02944fd1b28da8173011e978e9797e2ad7667abe87d6f0a069e89348799c7e0a2222a9ae40cbc354a75ec022692fc607391e01145e38330c52e8a0dc782927de281f2ef89f86331842c68f8bf62188baf6428ba45517d4236dcd416e165211aa8730f03706691fc514a2b220fc7ae1735294146b354279627dfa29476e8ad44f7b09533df552ad4c4009b1c7192ac1306dd723eac24b7962b20853ab0843ab2ed15e89c68262b9d4cb34b4e3a3f2098a28fd50324d7b656d86a9a46208488f41ca0bf30d49b60cbb8f5a0db18429d17209aa69a8eb82fe2334e7a7ba96ec9ac98cf5c2f4e817f90a50d98ed19a31c4f11c11a91da0e731aef741be82fa6ebc368b696bd3b485392a8719d14be3e52d599f5fb464c23fd34b885a8364a31eaa6b62b9c128370ce3a458270cb99bc5d623c005d3d0fea8965cd44688074c27f025451e372071d1fedd62ff1534ba4c525d912357c7aba6abb81e152d47b2fc0668a51a355ec7d223b4cf716a89a4977d511dc43cf3ea383929da75305a9b582ed3b81fea7ba8edfcef89b79a64c4fdab89b87d80c48d4aa897958ac705b48e5a4580228b0005c1b22b81662955d0289b683915a2bd55427a8edacf24b520a2973928253e3441b110bb496cd547311004b11a527bcbd96898da7990f2cea4209d47b4ba8d4a9e459a392a6926994854db526d292eb8c5d84dbcdc496540ea0545ab888fd3412a57bf181f582b1e31ef1263b28746142fe590a11ba338242d2fd558443c83d94fe8aa9289280fce1b8a046c5418a7328d88a30ff34fd6af33dacf520e58149da57272537f5a4e66b322a75eea693eea53ccf3af963d39878d2c2550bf34c182976f9d61f853651bef1f6c7417c4f1394235e74e18279772101b1597e26a8eb301c209e385cd16a458198ace3cc6e9d8eba771c4754d4e99edb912ac8ac58380f8c9b862e919ea2f2c3e8dd371cc2bc616d60ea9e9a3d1ffda36caa2b85fd44cac75c943bc71b38a291aefbca29c4954d7d378e91179906618929413adda4935e3a2e97124cdaf96c6b9a59e50b2242e78689c9ea5330a2fd53ed1aa0bca888426693c62c72ac536772f899da5a2f7c6a2456c3620a1f920a3d30d8e0642e69236faa43684aca835ef8532a627c96ad8ecc4278e2231ebbede082759e5b54739a2b9c1a8e784e3e6224cdfcc0a3c625f2c6afb45bd3b29cf2171f491e6156c5e3429ea59b26366574171bec37a08d079b78bf229598a0bc546f9a5f1ec2fa08ba8845c94772237af18ebc7455f758b736d3fc51a3f667ae96c3c4c6d53c4786ddd427a38719c076d97c6c9683cee0a21de1f6eb83d14bbaa916a2f1fdd9c4ba29b24fba567fbe855817709df12aed81c2ce635b19148d2a113495767e42a4cca7be22c2448afbf7cd4dea6e24658867a8c62f18823d54c5497f1b184e9b052d478987a892f8a41f2eb445bba71a9c68ff08ccbf89126d1a6639298a5729cfe13f5288d0633f4ea9249c61387609c7e923e6372d90b35dc716347e43af19845fe71ca8134e23525447117b418a01167f959b79f8e11d228137f7d268d13cbc594c4b3c23456305d8d897c2f3fe6baaea1d15094fb30b5523f6d9d79d1d557be7faa0548e35b0feaa247075037e4b6c06839444b7aa14c80283a04474621d709a59d50520c3586c5e3c554535be838d403f536d3318eb531049ffd90df46635c3712689ee43640fd7e688b9cdb85b6d23ebaa0b5615a7388b6bd114afb60df25d623677440c966c893f43a1a05597ffd7016bb86e815c744867404ca85288789a87a698f12b28d901b82f67bc4a3edd0762f6d8fe027fd77d3747f1467b788b49dca88b44cdaec00447d34474a37c37e10ea0dd3fedb29cf0c6d3fe5a11b8e335eba2802d27385c82bab47e4332a1e213a22f8fa80625cb55319f4503431f975c07e109093f6d7c1d1113a420cc0999d94d3612abd2e516684db3e9a8b71c534d541b921522532e884f446f85f1795dd10fd645886e25a4b94dd167a3c568bf1d72e7e7650c90dd01cd34607cd8d505d91a34e519743948fa5bd6ea196d8456bb5538e87a316d24dad97a197ac93f531108784f547741b8f45b26ae13a3ec25a918e6f16357db55c88d4dba94c08aee168cfd76a99f8e69feb2a34767d5949e30fb963c8eebc55d0f941101df8aa505355dd206cf4ba438170602222740442c140c815f106fc1542bbcf270c7927a7226161c813f684f67bc62bf43d9eb190675618087afc2373418fd0e79a0bcc44045f60d2eb16dc81e05c889c219096ab6a8522b25be914865cbee094d0e3f2bb03ee7d50ba3e30e5177a66c6c3a49f91296f58f0c5b7331108096bbd633eafdbe513c41ea14e003a15c2819990db2310b8b3ae904798f18f7b424264ca236cec1d11fabc6e8f3fec6916c21e8fe0991ef38c8f7bc6051f2b15c63d6177c81b24ecd13ec63d1197d717aee870f9bc63212fe9c3254c07a041e8c7e50f432b21ef8430e19af6fae684596f644a08cf8c457c1e2114807ebdfe49000555239e6938d33f0e0208f93da17085d01b11263caec84cc81316421ee0c21b813edc61a7109e76815cddae20a4c929d333be8837084dfa67a63d21a819f64468036121180a8036085a68dde70bcc0a53205cc13b1d74b92382d72f4488ac01199c023cfaa1afc08430e69da40db38e229e031138d9bbcf5321886c16878569977f4e70cf804a196e223e3f0839e4025e42de3091a8c7352dcc044937d0e2249484bd3743f5480018da4f587209a08069d617311ef7942b04c03ca18a21cfe48ccf158ada5593d47513b187fa51101151414345756382e82321d7b867da15da47f8a02a8d5ae624483c488add0160dfeff5842bfa66dc25ae7029685158170a0422539148b0a9b2727676b6625a3aaf02aa5746e68281c9902b383557e98e4c04fc91b058d537e376856901a917eb2c3c130cfabc6038e45885b02d3003129b1366c08422c458493111841b541bf13885716f380806cc141a0c79e1a81baa7860ef02357a42d3de48049a1b9ba35c49e608a202bb0984a4c404e9c17935ef6007e333ee889398e37e38d749ce913a00fdcc4e79dd5371c866a153afdfed9b01db8fa10ff8c1524abca5cc2de2aa430bd743cbbc086c1df41e8e84bc6e66905207d40ea5b69aa9044abcd00bf804092521e239e38159bf2fe01a4f949e8b890a2c0bd801f591c44c24085160dc43d82475a63cbe60a244212e81edb2ea44215eea2753de316f84c427fd08409e08106f219045513b85315718b006fcd1482129a144b4058fbf62d6bbcf1bf48c7b5d1581d06425c95542cddd624c2905f552b3a03e409a593e082e17bc5e156bf4911a3f2262de1b009e8868c0977c10d8a8b813c324116542a0d4eb078972c2d479806f108107ce02d306c98c3b858910043de222e08893c0339131c80a340aa70b813108767e2214170dd4929ddd381704902b1c0eb8bd2e621fe30137842c7fc4c5e2a9d7079229212d26702b0c8b91fa47a514d1388d864c0fcbd6a3719614c7999b533437825e3aecf3829db2be495b213652410fd48908874e12cbbd1364efa10209ce0043e129eab0d0f4d80c71de302914ad0438ac04c6c31e12a203412f8ba8d784ca1c1eba644e234a9a82989d0a4c5f8747e20633213f80f1d006c60310432996bd1e774432b0981d83f18f7ba9e3353113778d05f67be2065c7f20425c860573afe8c6cc52c443e129321e8c79123cd715c76888741f8e8031794145d191e77a0220fed6d3250c0f748f6c691fea127a8785c1a181d1deceae4ea1b87d18f2c54e614bef48cfc0e611016a0cb5f78f6c1306ba85f6fe6dc286defe4ea7d0b57570a86b78581818127a370ef6f57641596f7f47dfe6cedefe75c25a38af7f00c6f55ef04468746440201d8a4df5760d93c636760d75f440b67d6d6f5fefc836a7d0dd3bd24fdaec8646db85c1f6a191de8ecd7ded43c2e0e6a1c181e12ee8be139aedefedef1e825eba3676f58fc090db0f6542d7286484e19ef6be3eda55fb66403f44f1750c0c6e1bea5dd73322f40cf4757641e1da2e40d6beb6af8b75054c75f4b5f76e740a9ded1bdbd775d1b306a095215a4d44b7a5a78b16417fedf0d731d23bd04fd8e818e81f1982ac13b81c1a899ebaa577b8cb29b40ff50e1381740f0d40f3449c70c6006d04ceebef62ad10510b091a812a24bf79b82b86a5b3abbd0fda1a2627c757aed0dfc8104ac7cbca71cf840b662e15ae70f040f2c145f2c1c507906df2c1c55feec18586fe271f5efc753ebc60da4b3ec0483ec0483ec0483ec0581acd930f31121f6248d2493ec8483ec8483ec8f8bfef4186467a0702b6f7ece82368b98d13df1a40b804f6e7e9db07d7db643241a7c35007bf79a3f5f57a529ffbca8dd6371a497d7eea46eb9b4ca4beec86f19bcdb4fe0de34f4981fa329ebcc1a142325a5f06ff2be8a719046d410e0864c53064d4511327eeb601ed00659081610673e863d888eec326f439ec405fc7d9e82990f6f37810bd8ab7a337f02ef416f6a2df631f56e100b6e2199c87f7e3727c2b6ec4b7e30e7c071ec427f00efc209ec06771089f8723cfe2e3f805fc00bf1e7f893f84cff087f173fca7f00ff9b7f03ff097f0aff8dfe0ffe0dfe1107f99a3ef6924e2e76cef837f14f0bb013f59d5792be0bf07f0ff37c0ff28e07f12f02f00fe1f00fe9f01fe7f05fc97b117cb017f2ae0cf03fc5580bf19507603fe4d80ff26c0ef05fc11c07f04f0df01f83f05f8bf02f8cf02fe0b80ff4780ff9780ff7f02fecbfc6f3839e0b700fe4cc05b94885fd612873f0df01702fa5ac0df0ef80700ff04e08f00fea3f07902f07f19f09f01fccf01feef03fe9f01fe5f03fecb783b56e25dd806e80a007f3de0ef04fcc3807f02f08700ff21407b27e07f00f07f11f09f01fc7f0bf85f02fcff0cf82f01fe77f9c39c81ff1427f06f71a5fc256e25e0ef02fcc3807f17e09f4cc4aff87c1cfe74c05f02f85702fe6ec0bf19f0fb01ffad80ff7ec0ff45c0ff1dc0ff22e0ff29e0ff15e0ff1d2ec11c588505f0e702fe6ac0bf06f00f02fe3d803f08f86f03fc7701fe8700ffdf00fe2701ff7380ff15c0ff4f80ff4dc0ff477e3da7e10f710ec05f0ef8db007f2fe0df0af82701ff7ec07f14f07f2211bfba3a0e7f06e02f03fccd807f14f04f00fe2380ff61c0ff4dc0ff02e0ff05e0ff376cc2083bb01e670395e03240db02f8fb00ff2ec04f7efbe710e0bf0bf09f04fc6701ff7380ff0780ff0dc0ff16e0ff3d3ecba9f079ce8a9fe5f2f00b20e7f5dc3ac0bf15f0fb00ff3ce0bf1df03f00f8bf0af8bf05f89f07fc3f4cc4afe3e2f06701fe0ac0bf01f04f01fe39c07f3fe4ce00fe5700ffcf01ff2236621de0cf06fc4ef86c05fc7d80ff26c01f00f44700ff2701ff5720f714e0ff1ee0ff25e0ff77c0ff1ebe8333e1135c367e907302fe16c0bf1ef0bb00ff01c07f1fe0ff32e07f06f083ff72ff08f8df02fc57f87778037f9977402c2c22715aa5843f93a9a4a4f3e0d1a32a3956292f9e38f1f6f1e3c7df261945f0f83c6cc7832a0556a91a3be7e71f3ed6d9a8e2914a26b0edbc4a85559a0b17be08db030fd06a0b0b5ff8c2bdf7de7107cd1c3846b703b435da2eb4a7d22295f698704c58dfb6be6d1390302fcc2be458a17c5b75e0f8715a59393f4faa1f7f5b21c30a7990c008d27215a9029568fde0f1cbf3f30754320054d5f6761bd9a0924271e0c4893df341c604b4f4f8df91535418ab64f3689e6e1afe3d152fa0281b32c0373f7fe2e4f993274fb08ae2a6506185e6c9efde0e1bed92b525f60e1b4105c08f33de143c56c82eb21301b822387fbeca745129434a19c35745cf24b53f3da5902385fcf8f1c1414150a891427d7cfef8fc66f0d53c2055ec18f0140384e6351c64dada58b6ad8d6649826cf3f33c8f55f293274fc2f9447dc7458890d97392b27a593ca2529984b6cb320ea9f8b6f36d6d32a2d48b42dbc5eb58042854498c607e1e8ce0da16a1c62aedb3f3cfce7f0ee85e20c256a26528b14addd8791436389774116f19baeb58865a8ed5a0cf38d35030d3a0075451db2007f69c789b1c902135d8c672c62135760deb90c5ac432dc36ab00ed13cd418aba3e6f141ed8358f3e3e797d80735e0b6e50d44711d03514806120f09cd6b39c84916029641f39289301b51331b01d1c76c0432311ba147988dc839a4a136d226e79146761e3abca85623b55a85528108987674984a4eadc06a15e1f53238fd65b512722d6b298ab52d24a726b94f1c3d0a39d08bdc246e17d51aacd69d87ed91b647daeea17407905a85d59a671f79e4eedb6ffff0876fa3b996b547c8060d90ae6837b4632d56eb89e17c4c349dea79623a4a3956123e0e8030350aac5141d5730b70d2c2397288c5b7e3417a48269345ee80437744940aac2491ebddf9f9831a19d2c8a3f6d3063595ca83445ef350e140429bc78e3135883634afe3df53c78c08cc4823c71a6270c7891d9d38aec15813b3a379a51a2b7567d0f7a8bf30a240c4b62550c758b762f9c23972a60c2b45a3a269e2137b8854898c25e855b4017a3e7048e4428c07ac47a9414a6d675b67db8a79426618be347187c1ba3498d3c8a3d635afe7b1462ec4d997404b48826d704826c31ac509d8a8938936769cb9a96864c265f118589968665a19333319d2ca2f42d9db1a35d28099c50ced30981a755025d6a8a9f68f41147957a3826c6b3b03d4de4ab21a9abdebc811c8121d9aa2c6a6d1628dfefc9ef37bc0054ede2ddc0d36f33181d80e3d8d981bb3378d1a6bb4ad6287d2d68e5a11d53ae99cd91e69cf704c90c2569cf53195c90e82c4b50aac2596126f7ecaff55dc95c0c5d4bdffb9d3cc345b8b26154d7b296deeb4efab52da1715a27d931629ad328d448a42a978658a84d066c99286165a7893509416b4504a8510fef7ceb40c3feff2fb7c7eefff3d47bae73c779ef39c73bee7f93ee72ed32cfc9832d4aff14780c702c2df3c00392159220c022ae49f137e54fb970824a001028cc03908120080c006c1ff1506e1bec5c0848d1dff5f6190002009731884fbc7cd0110d84008838f59b580c25918129830644ed96c30021b8f46e2b1e2f3409c95c27f741342dd0c270782889a1542d44d84b0c80ba91b27e011043c110aede02c016523ea0e2a648111d588c00910702c48300149c04265512f9679465ea2041c402088213ca94608c87a4406ab9eea49154330679877019e042e80c0c3106208d1e5e87299169916f0cad985dd85a561995a18543a9433a1bc879a0c651a9493a84c1119da60b1c3d5182a9311b3b64166b1f0ca6c8006a933e3656539b8253aaf11afd16ccc0621169a20222740c4b1b00553755dd50f0100538a84928e392c35d7998d0860d4425234346c5a0bb0850708bb805b5ac24fca693496379c379e8be33b9e1dbae20c22062062d9b09b4c0400223b78a1e801c0725f65348827b36566b031d7c80f91076141c2843033069c8530759601213f8a85f80172dc1823a3695657b4985a580aa16e43f1121652b7524e8e97f787f8650ec904f633202011012411336f34d4631e0e80086379c1a31a8933eb9847736066a299c809a39939a3ac6eccf5848003ed336721f48d598e498626070503fa1b0468ae0540035c98594013090822811bc10dedb7e04ca152a89e8c1d906b84bd23110b10f1330d0d0d75330db5b5b50d33441c54218608a77a22186cd913aa114310f1009128460d376209ef3058c99311ce10a3c268c008cda7dc70223740e4ed25f792c7f55a153b36776cbe6bddd252977e27bd96584b64aaea658c335a191d506e817203946f336a19b718440240e412436c9935722e7b32b6302023582633ad65364f84b6588b6e616e616a537cd27dd2fd5bfc5b343ad4dcf46284402190199024346030890d0df7b77161012e3cfc99ae815a380d74b1c2177fa6227f3da69c034aba014c79802e1c8fe0f4fc1b1abe3118de7a5c18685cf53c3d3da73d67131196ef8006b0218191087d22f1e7266a6bb99000178ac1402018738917f59d0b0d820804b8907ab938012e1c2c6d68e9181fef68696998fd205bc211011c4f57ef20d8f04366064df3edb142287fe6b1bf1e914d36d005eb8009b9a3774e231c61c5d4317a63c8c4f418983a300bbdd362aa9a550b8d051c0fc241bf0f02ce1a50264319c70dfd83e7d4472820d73757ad4c6f5cc853c893f8ebb385a00c22b890482ecc42bf10f09840430b428dced5418720b39279349b60391a9a046c0b9c985098ede95c678978ad988e39107e6756243440338ac1108540cfef90abe7468797319541ab841bd30b6b658cb35dcf83af07227d378706cc1e93b7b28e57c2c7c6115ede8ae2a6b1119b15c55745f8052b329fb15314b7f68a0cfd3319533fc06c03fa11b900fde6673527720aa489146270f22916291fb9004e249d267208aaca4002008500e23068056e0ee4523402f4c2e01530000aa069220114dd09740015d96ac885a25432428f99ed987771c298f755e1bb7e06700625d894a1f84b810728db037cc7a46a93da9c9d2dec503d5c77e834215f9086aa05691c25740e248044925421132f8c189ebf9c7655a98d69f005906bde5a000dd915cd3493630d0a4342ae71a290c04570014bc2bb7a6d0d0c0a0d880c0ba5f082dc70252789d3d1cf37242cd497220a92e11a3c69f12f1f63a7488062b09c8324b420770e0af153728af40a0917b73735064505b9281aa03aa84ad1a4a8aaa8af838a9aa0d67c114caafc472ce30209b09c4042d9d8d93b52644119565134d434281c7ebc75a59399b89993ad8e899699a9922a68aca6a4495153a3c88052ac1e917fd92327d643c2200d90641f61008de0a0013c08a81e8fa40100a25e5ded0c39bae294e7b84f8ca7fc6b0efbcabc9dc393af0cc1d0a77551bffb0658df78fcc0e2d3b6f7976f4c80b9e66f76bcceb7dd3f9ea25e6701bedfcbdfb477cd80debdd5bc1af93afbd204e36263aa4171d9007edc404af3b3774ac90d57e3d7e1977c4bdf6b7755b4dc81fba2cf7ee253bd33e55778fd76ebe80c837d4d06d874bd84b3e5fa8c17db42dcbf112b5d621cbdd4476aea2eaa9165f60ed9601f68f1344c29767c21097dbaf7de6de9e4e780fe9025fb9bedde7605191d6aeb57927750e399de79d345bbe5dab3c3af84fbbcdb31b932aadccf9c8c1c81e62e4d11c1c68ddf8027cb5224ec973e5feeaff1a8e58d60e5d6fb6e91af5f4ce498079b938bc754911cd03a3a410370d088a04111684845b85102287eb25644dbba83d78c53af19bf57f1f53c8aa37a3a3331242285120205a8fc526ad39d8ee6e1f851a32fdbbe542a94d5aa57f280cef00962281bd00ab4a4afa29ba598ce3e4be713b1f9a767e9c28383e0da15b38f756f5d313f8df02c32271142a532740ae886c1420b138de604009435b81ab4982b83c814bd3f7c588fd9805fc49f688e0449b0bd322822889f53c981fd694172c028412c297769747eb0d6fe2179037975ecb07bbb96a451c4ed372b0b0f9426e822ea37a6e66eb2d4697a679070ac567c79ad7da96fde77cdf2e4fba687757747aa32a279a2e5acf4229330c11907dd3eefab4fb9f6aea9c82a636aeac55d7a78ab5467fbd4fdf61c6d735d5eef994dd76d1285b357f8a706a816958de2fd31d4ba66cdabb2839ec2f8c72a7c781e9534d72781c3a28157b35628bf8f0fa57c6a457fb878beb84767adf7b8cccce50ac52d36e26f191d6aeaaeea479e6faf684c7b9a3790d3dec9a7c8f5c1e034c363f9b24ccd3ba6f47a97de47fd71256a19e79e24e1a8752ae37aedef13bfc9a5225bca6d4a3e74757a0e3d3972ce441ca9efbcd7c7917ba92448c370426e6c8ce5c6f05e0281acbf224ffed97b7930dd021e777059eaa109455f6089000734179425a0e00f95b8f9a9a228810aac752cbdb08e1dc3c2202701cd5d907f908f57a49fb871546460584450642ceca5404d500d724b2aeaaaa036e4a55428cca22a0817ff3df7f9578ee678c1e6f29e671607e513829597f455f7bfa8cf7390b23f7fbf5bc8569ae7ed83e207d6e72341f1456f381f39672fb6cc1236397821d71d5cf614113c145f3d92cac9f3911b953b9eda22d6ac2abdfbd8c454005971267e708fc8eb41db1305b7a49c9af67d36fb1dd7bab1b4b5cc0455f8e9d4e643014fe4bacc9dca525a5fc9992bcb9e4bb15be3487cc9a1f86553662618ba7b722d78ec73e2e39cca21899cc4e936d224f68a5388e345b3cce31688d5abfc17c92ef73f9df3f221266975e1a7e4e245abf871b4e3c9a36b62be014744ecb1bb10bca0f9e895e752e6d7eb949c8f978ac61853a25b8ef6e8ee3c54e085bc24c2553ef3f16805705fd2caf9fb2774ed6d71c29ca3298146a418e481171e0900bea3d02007f48bcdf3fcd2b1c01c21c2834241f84b017931b859a25e0cc03508302997e5999232c1a47d547eee73344f2317d99c5732a419f93ebc53f6da97270b7c4e7afde3f0a4f1c69e1728584d2f3a6fbdd56d8a93a4ec07dab35ca225b80a34a39bd28d530cffbe4b9c17c32ff6c0be8ce90e9dd9dca105680eae6473875aff8d3b84fb61cad2fa375d2134d6bc397b6bdd39566a740f5f3c1ffdec7eac830d50ae1cb9657d08915472ff667c4695723b5f617a8877952bb2d9569c649fd71d67d4ef7abdd4ed08b94f044839773d6622ad75441778db7f33038fbebbcfa27fdc6971b75dc9c19783fb363da2de1ac89ac0acd8c5317c405e5a32fccb8799973179ca5c1f39fbc36f08d91edb1f8c8fc8ae2ad0fe2d40a9de81fbb5b7bba1406e9ab8613fe752954f2d94d5db28fa0a1184bbafc3f5bfefc2937a6ee3bdf68f3fa9127c639bb6a35e5d61e3899a3737b6134ce2db9d2224de824dd763fcdcd70382787eeeb6a7fcb9eff5aefabb552aad18fcb42ba5c5c165e85878d6e673dad6ed1f626bce0ac5792f1f2b3cba5c0d13bdd4bb515f34448c364eb8a378fd77d3ca579f46b65f7a71f274a47a956dfd1629be65db087a8ee95bd6999bf2dfa8ac2cb309b87bdce43b3556829abf18f41f32e1dbb8f46ebea444abe9b0c2f0f5298b16c5f60e15aaf532790b698f75af5dc64e3dcf3bd6a413569d241b8959f4769b44cd51da2d59e7cbe59bf4530bb6795d0c2d209daa39bb6a9c2feceb5e95cd15df7a1ceea64b35fa571f13d9cde78bd4572a5d9b51f552e2d5a5b2269f8b31cee8766365fb73596545312595f4c3514b3b0fee264549ae50398d0da5af4f97a9a18f2537493c7e236ad778e4ad65ef47c02f2c95b0fd6ed0dd81d0d7c539f729cbbf73d7af77efb0112ee8f8bc22df50798d407023e9c457880a78212a98668b687d572567a53c335ea2c5e4045f76d410204e48fc475cb21cb88cb530c5d8e5be7ee24e4101ccf77b20a70cbfd8496106b6ea1450454b05a209350d56604b992f82493bff3f02dbd9d339fee0f4bfe48f43ca4f3b060c723b85797c3d6c4ebbd9f0eb7e8c4b9ed15b44d1194bbdbd5ac9b8c86243375ffe5889bf9cdaa3edf26be2ad6df64e30de553c745c9c76b9125b95664fe8def165138ede1580aa7bd773234a48dce8668c629e4bf7dbf7cadd06269fd689811700febd65b44b0ef4fe10bf6f1f85f0fbc0101b9de2fa490da5b71e8af4838872b2757ff3c7efd2323b9e6430ba7342ef57085ebe435e592cdd9498343040b92ad0b9c1e041e0db9bf72c5a53142f74714bdc62ecad7d2b7c682de943832e3542688fd397921ad0801e5dedb8a726ae63a8ecd0f902e1f4f6c453bcf6bc37fbee927d3fef56fe52b7ca5f80911caf51ea716dd7cacd481ea5de326ee142039939fed8018d483c2b12958123d1796fc531bf7db3c6026c7ce2e6b205355e7d5df5fdcec09641aaf947d7d23649d001162f4241b1e449c881fe3c57aa20052ea249f2aa140d351505356d3f2d1f557f55251555756d25354d7f0d252f556f3f250d1f2d1f354d758a8f9ab7c60fc1b145a8ef2b7bf443da59414d4dc94b21a79ba290d97f1c1cffd25987856f659201841608d610a8213cc370f680ff53023595402d261b78b1b1c11a10dac7b2b181d95f363047087fd24424489c276b2488f869753339614f3fd1d754a4dbfd42baee2ee94bc78c1e57fb9f5befaade3935a4c330cbe3b5797631f365f3368724dc78e5219ba9f77c2fab2d64f9cf86293d09ded9de501c3bf35046d8bc691b728fca057be7cf1c9f68407d5aa58fd06a9f57e5dff87589b50f27a8557a32c39e15e36bae76a9af462bbd090df0b9a17ef386f42746f760dd1887a43d3ffa52cbf18b8d72c087f5976bb06a6ac5e77525bf440b5e914fb60ad6758e281af20a35c9cc48af89bd411e3c7b987c7cb106454fd4cd431aa77712e72da64a78fcb535bbd9eeda53d5ab991fd3e9dc7dfed9a7f33ea1b256453dba96b3321f3fe08f0606d4df77fd9e91e317363259ef94e077224a22c35de9da219349d733271615c85a39545d59b909fc1eb92cb22eb53faece157b92d61b9ed64592b542bb5edc2bf51588c87501798e9f038e969ac9492b88bf3f07ea821f5152813518515b10af8f3c12532e8229b6d52f582ea821fc20edc38551e09a5aa69385c03d94b7f93b7ce22b549f7c32ffa1c6136d430a2f640e94f158da5c3debcafdf64373d2cbfe5c543d573fdff7bb194716af47cd145ae47f7a67a5def828e965f07e23ae9d78446362c2158bb3218377ceded55ce94b0785ab41847b4081bd02b6a05b6b8acba98b16619f3ddaf586141d7524940f70a7e6ee20893fb17c1a14a0e2f0a277fd8e6cc65741c5922a5d8f1b7e7d15816a853d5b8aef075578150b76f1bf06411a671c48437bcf6d0fb833591737387ea682a43dff88ab550141966f5dfe7782b40556a0405b098806d4b5591b090d669102c2c57f9db568c8ffe40324cc0748880fa0355732fe398297ac7cbe23f42c8dd746eddac4653789e326c2f2c1c3ebeccf5661b496a22cafeda8258a766b0637f07510c6b56ee761caee6a3f02f829260f53b9627d772766794a6f2ecdb7fc6d3870635bcf51a70abc626d69e719850b71b8d22787d736792e450ffb6f1b52715cc6b762b0046bff7be5ca2b1b3aea9439a24a02279b432675dc0b04a6ccaff56af99e0bf5558f3945f7e1517a687468fac5734eae47eeb14596cb07b96ed249d137b3f4c7bebc5058c72b66e322571817d1cba773c57263c7e8a8e9819d9df115f129c29d06e5e91b8652ed92974e14ac58fb325357e982aa5bfd15836f2a0f2b39f4cb2b4a0f6a25b61da32abeb7753920a12e53ab1deabbc3e9da6f3ce7974825374f5de348d9f7d163bcd5b1263d6bf70d8644a48c8790dce51659392d995cedd51abf27941fbc40962a3ee33fe225b6a94fcef298c79e7e990d0f25ac0c1ceb2eb91a4a738c3f885bbfe291d48bf00d3c0ee6d195d388be1be790348f678cc595d5c2ed6bac06b50b7886a52c6f0855ad4c307b79ab3622ae376250baa7c63caf7eec36d9f5d9ce7d2336966071c9fe9e91f5c74b67bacbfcfb6fe524c58f3e1eb51ab45c5e4c923b55bc3d803ab0d73bc6a36245f213d7dfdc6ba2e5e4de8d86d4ca6528661869daddeadbb532b50e675ddf5e64ba2232fb63e8748cb89b22698367f611033bd5e4a7657b049fe7db4e1d2ebb614edf9cdbd6fb784ffafc7e6a14e2c3e15f6c891608f09764b464fe03fc481451148f70623ead6e8a30fe71aff51f1b35769a8b50d24152324daff2a36dfb5e17dfa13c904a5503d7b1680ebea26a47b7a15ba558fe57d780a0750bad5a68b1ce339107a8eaa1a2c224bb8d6c64e708da83b66c6467f2f7b63e7fa23f124c3a0e1b2f8e4aca0193b2c0a403f383a4cc018589a0e15c73484040f5afb8d537cc672bd4b3a010af88589ff0adca819121a0d1bc0224a826aa222e82b046c0df2f0bbf18e0c17c3180f522492c54da3afb8a8bdffc8b3ecae222bf62df808994a2dc5ee7d8a5ca0f3b2203248f120e2feaf339986772787b5b2c31f3969f87b2a2c1746dc483909ddf6e1a0ee19b746b569d393119f4cca74652bd2867835f72e6f63473fb351dc483096d4badc8937a26698ead655f835f18702a2f3f3aa02f5cd47e49243a4bbb7fd8b771a57e4c9cd42469fba9ccc89dfba69a9721cde56fefe5bd7ef20c9a787434f073a072365dde503ed8cdd2470c1714ba2ef7f0cb9d538c8c497385e733baadd5ea63a132175e95ca8eb6764f7297e6c9e5e4da70eb1326b0a98fc56a5584fac7eb95eeafcfbf68a98d6fc0df6e387fe15545e7b3c57b1cccdcb454b6c82edd513e253bfd5c51473c28b7626d6a606858f195c85a2334e614202f67403324d9f813189536effb327690c3166f372bdef6ca48deef44ed0647ef945a111f8d9c949ea793d31302054764fbee15e5b4bedde063fc623de76fbb0d30d1980798f22831fe9b5e5e97c6bb1a8451377b8cef70cbbd7deeb76224e74381fbe10ec4e302f3eab5933945382b0bde3caa582b62797df9d12243b36851f586b6c2c2e37171929f2db2c54abeac92a2becf9fae09be6295d3ff262a66e9c86bcdbc5821abef8f2ba502a3064a3fcfa4bd21505f07e996ce80a328ebfd3d3d51213e07f41f1c73b1b5aba1ba4a16c42c5291881b33c6971b7e39dd7272c3ad823d475db7b8d85a98314c1a8f6e5b8fa75a047f8d3d7eab3a246453a3e35612579cfd3d0a0d5506d250e79000002665ffdbc4f5eb2de1c2bd127a521dec7c66418ce3a010d96fc440562c9408146e905dba18945af8208a02b9b6a6808deebf694a5e1fa03eea3d7b7871e54e2fad68d097ed23448a0be84c97a7cafdf2fd63e7fffccaa0826554e93f5cd9ce0bef7fffc4cd281a8090cc8c7fb443cb467403cae7f4f6eca0e7ad7b163d0cb13f1d6f6863edf9adefba5b53e01de4b453cba352e997df30f7263818256bb22d89ebb851d7ed943f1f337f52d546d4726d2d7d7635ccfbd43acf4e1eea7d0d275b2f4144026f6f1479494d415165bb8ed04e3def19eeb5faaec3726e6be5424fa7a57eb82edaba4ef66bbc84f6f32dfef98bb78f1eb34bbae82f2e69ded96629973fb27a985817d2fdac9fb469638cd0a3b55fd7c61784debbb2fd6596e1ad915cfe64da986b8f506d2a3567c2576f7a70947c09c7bbe7cd81483b42491729eb29b8c96ed59a4b9107946b8e5a1fde5fbe7e744836d0c9908bd7cfcf475dea6dd1f9078f0e8986de9918493bb9c441635f010d29078527d20b7384a1d0908ba1aa454c68eeffd72ecefefac61b1b26378042ec90242cdc4004a0c6e725680a0ff3269936fc8551aadaf05db19f11d941fc36a0f8e1466651b375d4d3cf9c0a79c9a79b7fba8c066345cb039dd9db893bf15a7aeaee6fcd2356f4c26d829adc2f569f543e63ba53d7392c9198f5c6a3a43d29ffca13dee950c1ce98964474f5c19be3124d5a84278f3f7c6aa7f9062fbf42fa785e4102081294aacccf176897d217d81e5d7fc71f27532163719b52def24e968f46bbb2eaee64d5b9ac55d756701fdb94f7ecc088c74737c328c2902bd6f7e4f1f840018dc0aba440c7f398c4fd55032ea5d511cf4b3b9c6796e86f41f76fbe50da166ff27ba3ecf15a7ed5b100ccb9216d5be9eedfab78d607a972fa7dcf1d23f71c21f3a30994c2e0e1892275ce04a38db8c2b127be55bba39cb4dee1445ec95b049e39b4aa0a9b9c0e4618620fab0820afdfbcd7b8dba2468e8a40fc1fc014c1400d0a656e6473747265616d0d0a656e646f626a0d0a32322030206f626a0d0a3c3c2f547970652f4d657461646174612f537562747970652f584d4c2f4c656e67746820333036353e3e0d0a73747265616d0d0a3c3f787061636b657420626567696e3d22efbbbf222069643d2257354d304d7043656869487a7265537a4e54637a6b633964223f3e3c783a786d706d65746120786d6c6e733a783d2261646f62653a6e733a6d6574612f2220783a786d70746b3d22332e312d373031223e0a3c7264663a52444620786d6c6e733a7264663d22687474703a2f2f7777772e77332e6f72672f313939392f30322f32322d7264662d73796e7461782d6e7323223e0a3c7264663a4465736372697074696f6e207264663a61626f75743d22222020786d6c6e733a7064663d22687474703a2f2f6e732e61646f62652e636f6d2f7064662f312e332f223e0a3c7064663a50726f64756365723e4d6963726f736f6674c2ae20576f726420323031363c2f7064663a50726f64756365723e3c2f7264663a4465736372697074696f6e3e0a3c7264663a4465736372697074696f6e207264663a61626f75743d22222020786d6c6e733a64633d22687474703a2f2f7075726c2e6f72672f64632f656c656d656e74732f312e312f223e0a3c64633a63726561746f723e3c7264663a5365713e3c7264663a6c693e5445434850524f2053595354454d533c2f7264663a6c693e3c2f7264663a5365713e3c2f64633a63726561746f723e3c2f7264663a4465736372697074696f6e3e0a3c7264663a4465736372697074696f6e207264663a61626f75743d22222020786d6c6e733a786d703d22687474703a2f2f6e732e61646f62652e636f6d2f7861702f312e302f223e0a3c786d703a43726561746f72546f6f6c3e4d6963726f736f6674c2ae20576f726420323031363c2f786d703a43726561746f72546f6f6c3e3c786d703a437265617465446174653e323031382d30372d30395431363a32333a33392b30313a30303c2f786d703a437265617465446174653e3c786d703a4d6f64696679446174653e323031382d30372d30395431363a32333a33392b30313a30303c2f786d703a4d6f64696679446174653e3c2f7264663a4465736372697074696f6e3e0a3c7264663a4465736372697074696f6e207264663a61626f75743d22222020786d6c6e733a786d704d4d3d22687474703a2f2f6e732e61646f62652e636f6d2f7861702f312e302f6d6d2f223e0a3c786d704d4d3a446f63756d656e7449443e757569643a46393344353838412d363832452d343143332d423646372d4532374246424130444433413c2f786d704d4d3a446f63756d656e7449443e3c786d704d4d3a496e7374616e636549443e757569643a46393344353838412d363832452d343143332d423646372d4532374246424130444433413c2f786d704d4d3a496e7374616e636549443e3c2f7264663a4465736372697074696f6e3e0a202020202020202020202020202020202020202020202020202020202020202020202020202020202020202020202020202020202020202020202020202020202020202020202020202020202020202020202020202020202020202020202020202020200a202020202020202020202020202020202020202020202020202020202020202020202020202020202020202020202020202020202020202020202020202020202020202020202020202020202020202020202020202020202020202020202020202020200a202020202020202020202020202020202020202020202020202020202020202020202020202020202020202020202020202020202020202020202020202020202020202020202020202020202020202020202020202020202020202020202020202020200a202020202020202020202020202020202020202020202020202020202020202020202020202020202020202020202020202020202020202020202020202020202020202020202020202020202020202020202020202020202020202020202020202020200a202020202020202020202020202020202020202020202020202020202020202020202020202020202020202020202020202020202020202020202020202020202020202020202020202020202020202020202020202020202020202020202020202020200a202020202020202020202020202020202020202020202020202020202020202020202020202020202020202020202020202020202020202020202020202020202020202020202020202020202020202020202020202020202020202020202020202020200a202020202020202020202020202020202020202020202020202020202020202020202020202020202020202020202020202020202020202020202020202020202020202020202020202020202020202020202020202020202020202020202020202020200a202020202020202020202020202020202020202020202020202020202020202020202020202020202020202020202020202020202020202020202020202020202020202020202020202020202020202020202020202020202020202020202020202020200a202020202020202020202020202020202020202020202020202020202020202020202020202020202020202020202020202020202020202020202020202020202020202020202020202020202020202020202020202020202020202020202020202020200a202020202020202020202020202020202020202020202020202020202020202020202020202020202020202020202020202020202020202020202020202020202020202020202020202020202020202020202020202020202020202020202020202020200a202020202020202020202020202020202020202020202020202020202020202020202020202020202020202020202020202020202020202020202020202020202020202020202020202020202020202020202020202020202020202020202020202020200a202020202020202020202020202020202020202020202020202020202020202020202020202020202020202020202020202020202020202020202020202020202020202020202020202020202020202020202020202020202020202020202020202020200a202020202020202020202020202020202020202020202020202020202020202020202020202020202020202020202020202020202020202020202020202020202020202020202020202020202020202020202020202020202020202020202020202020200a202020202020202020202020202020202020202020202020202020202020202020202020202020202020202020202020202020202020202020202020202020202020202020202020202020202020202020202020202020202020202020202020202020200a202020202020202020202020202020202020202020202020202020202020202020202020202020202020202020202020202020202020202020202020202020202020202020202020202020202020202020202020202020202020202020202020202020200a202020202020202020202020202020202020202020202020202020202020202020202020202020202020202020202020202020202020202020202020202020202020202020202020202020202020202020202020202020202020202020202020202020200a202020202020202020202020202020202020202020202020202020202020202020202020202020202020202020202020202020202020202020202020202020202020202020202020202020202020202020202020202020202020202020202020202020200a202020202020202020202020202020202020202020202020202020202020202020202020202020202020202020202020202020202020202020202020202020202020202020202020202020202020202020202020202020202020202020202020202020200a202020202020202020202020202020202020202020202020202020202020202020202020202020202020202020202020202020202020202020202020202020202020202020202020202020202020202020202020202020202020202020202020202020200a202020202020202020202020202020202020202020202020202020202020202020202020202020202020202020202020202020202020202020202020202020202020202020202020202020202020202020202020202020202020202020202020202020200a3c2f7264663a5244463e3c2f783a786d706d6574613e3c3f787061636b657420656e643d2277223f3e0d0a656e6473747265616d0d0a656e646f626a0d0a32332030206f626a0d0a3c3c2f446973706c6179446f635469746c6520747275653e3e0d0a656e646f626a0d0a32342030206f626a0d0a3c3c2f547970652f585265662f53697a652032342f575b2031203420325d202f526f6f742031203020522f496e666f2039203020522f49445b3c38413538334446393245363843333431423646374532374246424130444433413e3c38413538334446393245363843333431423646374532374246424130444433413e5d202f46696c7465722f466c6174654465636f64652f4c656e6774682039323e3e0d0a73747265616d0d0a789c35cc3d1640400c04e0593fbb8bca117077950be8341aef29b54aa52bac982145be97bc4c00ab949cf5167819c549dc457c2f3612667193380019e38528851741e4e2bb8c96abc23f3991d9b29ef8b359c97290bd031e5d030c490d0a656e6473747265616d0d0a656e646f626a0d0a787265660d0a302032350d0a3030303030303030313020363535333520660d0a30303030303030303137203030303030206e0d0a30303030303030313636203030303030206e0d0a30303030303030323232203030303030206e0d0a30303030303030343836203030303030206e0d0a30303030303031353730203030303030206e0d0a30303030303031373338203030303030206e0d0a30303030303031393737203030303030206e0d0a30303030303032303330203030303030206e0d0a30303030303032303833203030303030206e0d0a3030303030303030313120363535333520660d0a3030303030303030313220363535333520660d0a3030303030303030313320363535333520660d0a3030303030303030313420363535333520660d0a3030303030303030313520363535333520660d0a3030303030303030313620363535333520660d0a3030303030303030313720363535333520660d0a3030303030303030313820363535333520660d0a3030303030303030313920363535333520660d0a3030303030303030303020363535333520660d0a30303030303032373332203030303030206e0d0a30303030303033303133203030303030206e0d0a30303030303439333635203030303030206e0d0a30303030303532353133203030303030206e0d0a30303030303532353538203030303030206e0d0a747261696c65720d0a3c3c2f53697a652032352f526f6f742031203020522f496e666f2039203020522f49445b3c38413538334446393245363843333431423646374532374246424130444433413e3c38413538334446393245363843333431423646374532374246424130444433413e5d203e3e0d0a7374617274787265660d0a35323834390d0a2525454f460d0a787265660d0a3020300d0a747261696c65720d0a3c3c2f53697a652032352f526f6f742031203020522f496e666f2039203020522f49445b3c38413538334446393245363843333431423646374532374246424130444433413e3c38413538334446393245363843333431423646374532374246424130444433413e5d202f507265762035323834392f5852656653746d2035323535383e3e0d0a7374617274787265660d0a35333530350d0a2525454f46, 'pdf', '2018-07-16 14:18:16');
INSERT INTO `document` (`id`, `teacher_id`, `name`, `file`, `type`, `date_created`) VALUES
(3, 1, 'questionaire.txt', 0x5768617420697320746865206e616d65206f662074686520707265736964656e74206f6620746865206665646572616c2072657075626c6963206f66206e6967657269613f0d0a4962726168696d20626162616e676964610d0a6162647573616c616d2061627562616b61720d0a4d7568616d6d616475206275686172690d0a0d0a49662061203d203120616e642062203d32207768617420697320633f0d0a330d0a340d0a350d0a360d0a0d0a496620796f7520617265206e6f74207374757069642c20776861742061726520796f753f0d0a696e74656c6c6967656e740d0a706f77657266756c0d0a726963680d0a706f6f720d0a0d0a0d0a5768617420697320746865206e616d65206f66207468652063757272656e637920696e204768616e613f0d0a6b756d6173690d0a616b776162610d0a636564690d0a6b6967616c690d0a0d0a0d0a, 'txt', '2018-07-16 14:18:16'),
(4, 1, 'color.txt', 0xefbbbf726d696e6520636f6c6f720d0a0d0a696d706f7274206a6176612e6177742e696d6167652e4275666665726564496d6167653b0d0a696d706f7274206a6176612e696f2e46696c653b0d0a696d706f7274206a6176612e7574696c2e436f6c6c656374696f6e733b0d0a696d706f7274206a6176612e7574696c2e436f6d70617261746f723b0d0a696d706f7274206a6176612e7574696c2e486173684d61703b0d0a696d706f7274206a6176612e7574696c2e4974657261746f723b0d0a696d706f7274206a6176612e7574696c2e4c696e6b65644c6973743b0d0a696d706f7274206a6176612e7574696c2e4c6973743b0d0a696d706f7274206a6176612e7574696c2e4d61703b0d0a696d706f7274206a617661782e696d616765696f2e496d616765494f3b0d0a696d706f7274206a617661782e696d616765696f2e496d6167655265616465723b0d0a696d706f7274206a617661782e696d616765696f2e73747265616d2e496d616765496e70757453747265616d3b0d0a0d0a0d0a7075626c696320636c61737320496d616765546573746572207b0d0a0d0a0d0a202020207075626c69632073746174696320766f6964206d61696e28537472696e6720617267735b5d29207468726f777320457863657074696f6e207b0d0a202020202020202046696c652066696c65203d206e65772046696c652822433a5c5c55736572735c5c416e647265775c5c4465736b746f705c5c6d79496d6167652e67696622293b0d0a2020202020202020496d616765496e70757453747265616d206973203d20496d616765494f2e637265617465496d616765496e70757453747265616d2866696c65293b0d0a20202020202020204974657261746f722069746572203d20496d616765494f2e676574496d61676552656164657273286973293b0d0a0d0a20202020202020206966202821697465722e6861734e6578742829290d0a20202020202020207b0d0a20202020202020202020202053797374656d2e6f75742e7072696e746c6e282243616e6e6f74206c6f616420746865207370656369666965642066696c6520222b2066696c65293b0d0a20202020202020202020202053797374656d2e657869742831293b0d0a20202020202020207d0d0a2020202020202020496d61676552656164657220696d616765526561646572203d2028496d61676552656164657229697465722e6e65787428293b0d0a2020202020202020696d6167655265616465722e736574496e707574286973293b0d0a0d0a20202020202020204275666665726564496d61676520696d616765203d20696d6167655265616465722e726561642830293b0d0a0d0a2020202020202020696e7420686569676874203d20696d6167652e67657448656967687428293b0d0a2020202020202020696e74207769647468203d20696d6167652e676574576964746828293b0d0a0d0a20202020202020204d6170206d203d206e657720486173684d617028293b0d0a2020202020202020666f7228696e7420693d303b2069203c207769647468203b20692b2b290d0a20202020202020207b0d0a202020202020202020202020666f7228696e74206a3d303b206a203c20686569676874203b206a2b2b290d0a2020202020202020202020207b0d0a20202020202020202020202020202020696e7420726762203d20696d6167652e67657452474228692c206a293b0d0a20202020202020202020202020202020696e745b5d20726762417272203d2067657452474241727228726762293b202020202020202020202020202020200d0a202020202020202020202020202020202f2f2046696c746572206f75742067726179732e2e2e2e202020202020202020202020202020200d0a202020202020202020202020202020206966202821697347726179287267624172722929207b202020202020202020202020202020200d0a202020202020202020202020202020202020202020202020496e746567657220636f756e746572203d2028496e746567657229206d2e67657428726762293b2020200d0a20202020202020202020202020202020202020202020202069662028636f756e746572203d3d206e756c6c290d0a20202020202020202020202020202020202020202020202020202020636f756e746572203d20303b0d0a202020202020202020202020202020202020202020202020636f756e7465722b2b3b20202020202020202020202020202020202020202020202020202020202020200d0a2020202020202020202020202020202020202020202020206d2e707574287267622c20636f756e746572293b202020202020202020202020202020200d0a202020202020202020202020202020207d202020202020202020202020202020200d0a2020202020202020202020207d0d0a20202020202020207d20202020202020200d0a2020202020202020537472696e6720636f6c6f7572486578203d206765744d6f7374436f6d6d6f6e436f6c6f7572286d293b0d0a202020202020202053797374656d2e6f75742e7072696e746c6e28636f6c6f7572486578293b0d0a202020207d0d0a0d0a0d0a202020207075626c69632073746174696320537472696e67206765744d6f7374436f6d6d6f6e436f6c6f7572284d6170206d617029207b0d0a20202020202020204c697374206c697374203d206e6577204c696e6b65644c697374286d61702e656e7472795365742829293b0d0a2020202020202020436f6c6c656374696f6e732e736f7274286c6973742c206e657720436f6d70617261746f722829207b0d0a20202020202020202020202020207075626c696320696e7420636f6d70617265284f626a656374206f312c204f626a656374206f3229207b0d0a2020202020202020202020202020202072657475726e202828436f6d70617261626c65292028284d61702e456e7472792920286f3129292e67657456616c75652829290d0a2020202020202020202020202020202020202e636f6d70617265546f2828284d61702e456e7472792920286f3229292e67657456616c75652829293b0d0a20202020202020202020202020207d0d0a20202020202020207d293b202020200d0a20202020202020204d61702e456e747279206d65203d20284d61702e456e74727920296c6973742e676574286c6973742e73697a6528292d31293b0d0a2020202020202020696e745b5d207267623d206765745247424172722828496e7465676572296d652e6765744b65792829293b0d0a202020202020202072657475726e20496e74656765722e746f486578537472696e67287267625b305d292b2220222b496e74656765722e746f486578537472696e67287267625b315d292b2220222b496e74656765722e746f486578537472696e67287267625b325d293b20202020202020200d0a202020207d202020200d0a0d0a202020207075626c69632073746174696320696e745b5d2067657452474241727228696e7420706978656c29207b0d0a2020202020202020696e7420616c706861203d2028706978656c203e3e20323429202620307866663b0d0a2020202020202020696e7420726564203d2028706978656c203e3e20313629202620307866663b0d0a2020202020202020696e7420677265656e203d2028706978656c203e3e203829202620307866663b0d0a2020202020202020696e7420626c7565203d2028706978656c29202620307866663b0d0a202020202020202072657475726e206e657720696e745b5d7b7265642c677265656e2c626c75657d3b0d0a0d0a20207d0d0a202020207075626c69632073746174696320626f6f6c65616e2069734772617928696e745b5d2072676241727229207b0d0a2020202020202020696e7420726744696666203d207267624172725b305d202d207267624172725b315d3b0d0a2020202020202020696e7420726244696666203d207267624172725b305d202d207267624172725b325d3b0d0a20202020202020202f2f2046696c746572206f757420626c61636b2c20776869746520616e642067726179732e2e2e2e2e2e2028746f6c6572616e63652077697468696e20313020706978656c73290d0a2020202020202020696e7420746f6c6572616e6365203d2031303b0d0a202020202020202069662028726744696666203e20746f6c6572616e6365207c7c20726744696666203c202d746f6c6572616e636529200d0a20202020202020202020202069662028726244696666203e20746f6c6572616e6365207c7c20726244696666203c202d746f6c6572616e636529207b200d0a2020202020202020202020202020202072657475726e2066616c73653b0d0a2020202020202020202020207d20202020202020202020202020202020200d0a202020202020202072657475726e20747275653b0d0a202020207d0d0a7d0d0a, 'txt', '2018-07-17 13:52:28'),
(5, 1, 'color.txt', 0xefbbbf726d696e6520636f6c6f720d0a0d0a696d706f7274206a6176612e6177742e696d6167652e4275666665726564496d6167653b0d0a696d706f7274206a6176612e696f2e46696c653b0d0a696d706f7274206a6176612e7574696c2e436f6c6c656374696f6e733b0d0a696d706f7274206a6176612e7574696c2e436f6d70617261746f723b0d0a696d706f7274206a6176612e7574696c2e486173684d61703b0d0a696d706f7274206a6176612e7574696c2e4974657261746f723b0d0a696d706f7274206a6176612e7574696c2e4c696e6b65644c6973743b0d0a696d706f7274206a6176612e7574696c2e4c6973743b0d0a696d706f7274206a6176612e7574696c2e4d61703b0d0a696d706f7274206a617661782e696d616765696f2e496d616765494f3b0d0a696d706f7274206a617661782e696d616765696f2e496d6167655265616465723b0d0a696d706f7274206a617661782e696d616765696f2e73747265616d2e496d616765496e70757453747265616d3b0d0a0d0a0d0a7075626c696320636c61737320496d616765546573746572207b0d0a0d0a0d0a202020207075626c69632073746174696320766f6964206d61696e28537472696e6720617267735b5d29207468726f777320457863657074696f6e207b0d0a202020202020202046696c652066696c65203d206e65772046696c652822433a5c5c55736572735c5c416e647265775c5c4465736b746f705c5c6d79496d6167652e67696622293b0d0a2020202020202020496d616765496e70757453747265616d206973203d20496d616765494f2e637265617465496d616765496e70757453747265616d2866696c65293b0d0a20202020202020204974657261746f722069746572203d20496d616765494f2e676574496d61676552656164657273286973293b0d0a0d0a20202020202020206966202821697465722e6861734e6578742829290d0a20202020202020207b0d0a20202020202020202020202053797374656d2e6f75742e7072696e746c6e282243616e6e6f74206c6f616420746865207370656369666965642066696c6520222b2066696c65293b0d0a20202020202020202020202053797374656d2e657869742831293b0d0a20202020202020207d0d0a2020202020202020496d61676552656164657220696d616765526561646572203d2028496d61676552656164657229697465722e6e65787428293b0d0a2020202020202020696d6167655265616465722e736574496e707574286973293b0d0a0d0a20202020202020204275666665726564496d61676520696d616765203d20696d6167655265616465722e726561642830293b0d0a0d0a2020202020202020696e7420686569676874203d20696d6167652e67657448656967687428293b0d0a2020202020202020696e74207769647468203d20696d6167652e676574576964746828293b0d0a0d0a20202020202020204d6170206d203d206e657720486173684d617028293b0d0a2020202020202020666f7228696e7420693d303b2069203c207769647468203b20692b2b290d0a20202020202020207b0d0a202020202020202020202020666f7228696e74206a3d303b206a203c20686569676874203b206a2b2b290d0a2020202020202020202020207b0d0a20202020202020202020202020202020696e7420726762203d20696d6167652e67657452474228692c206a293b0d0a20202020202020202020202020202020696e745b5d20726762417272203d2067657452474241727228726762293b202020202020202020202020202020200d0a202020202020202020202020202020202f2f2046696c746572206f75742067726179732e2e2e2e202020202020202020202020202020200d0a202020202020202020202020202020206966202821697347726179287267624172722929207b202020202020202020202020202020200d0a202020202020202020202020202020202020202020202020496e746567657220636f756e746572203d2028496e746567657229206d2e67657428726762293b2020200d0a20202020202020202020202020202020202020202020202069662028636f756e746572203d3d206e756c6c290d0a20202020202020202020202020202020202020202020202020202020636f756e746572203d20303b0d0a202020202020202020202020202020202020202020202020636f756e7465722b2b3b20202020202020202020202020202020202020202020202020202020202020200d0a2020202020202020202020202020202020202020202020206d2e707574287267622c20636f756e746572293b202020202020202020202020202020200d0a202020202020202020202020202020207d202020202020202020202020202020200d0a2020202020202020202020207d0d0a20202020202020207d20202020202020200d0a2020202020202020537472696e6720636f6c6f7572486578203d206765744d6f7374436f6d6d6f6e436f6c6f7572286d293b0d0a202020202020202053797374656d2e6f75742e7072696e746c6e28636f6c6f7572486578293b0d0a202020207d0d0a0d0a0d0a202020207075626c69632073746174696320537472696e67206765744d6f7374436f6d6d6f6e436f6c6f7572284d6170206d617029207b0d0a20202020202020204c697374206c697374203d206e6577204c696e6b65644c697374286d61702e656e7472795365742829293b0d0a2020202020202020436f6c6c656374696f6e732e736f7274286c6973742c206e657720436f6d70617261746f722829207b0d0a20202020202020202020202020207075626c696320696e7420636f6d70617265284f626a656374206f312c204f626a656374206f3229207b0d0a2020202020202020202020202020202072657475726e202828436f6d70617261626c65292028284d61702e456e7472792920286f3129292e67657456616c75652829290d0a2020202020202020202020202020202020202e636f6d70617265546f2828284d61702e456e7472792920286f3229292e67657456616c75652829293b0d0a20202020202020202020202020207d0d0a20202020202020207d293b202020200d0a20202020202020204d61702e456e747279206d65203d20284d61702e456e74727920296c6973742e676574286c6973742e73697a6528292d31293b0d0a2020202020202020696e745b5d207267623d206765745247424172722828496e7465676572296d652e6765744b65792829293b0d0a202020202020202072657475726e20496e74656765722e746f486578537472696e67287267625b305d292b2220222b496e74656765722e746f486578537472696e67287267625b315d292b2220222b496e74656765722e746f486578537472696e67287267625b325d293b20202020202020200d0a202020207d202020200d0a0d0a202020207075626c69632073746174696320696e745b5d2067657452474241727228696e7420706978656c29207b0d0a2020202020202020696e7420616c706861203d2028706978656c203e3e20323429202620307866663b0d0a2020202020202020696e7420726564203d2028706978656c203e3e20313629202620307866663b0d0a2020202020202020696e7420677265656e203d2028706978656c203e3e203829202620307866663b0d0a2020202020202020696e7420626c7565203d2028706978656c29202620307866663b0d0a202020202020202072657475726e206e657720696e745b5d7b7265642c677265656e2c626c75657d3b0d0a0d0a20207d0d0a202020207075626c69632073746174696320626f6f6c65616e2069734772617928696e745b5d2072676241727229207b0d0a2020202020202020696e7420726744696666203d207267624172725b305d202d207267624172725b315d3b0d0a2020202020202020696e7420726244696666203d207267624172725b305d202d207267624172725b325d3b0d0a20202020202020202f2f2046696c746572206f757420626c61636b2c20776869746520616e642067726179732e2e2e2e2e2e2028746f6c6572616e63652077697468696e20313020706978656c73290d0a2020202020202020696e7420746f6c6572616e6365203d2031303b0d0a202020202020202069662028726744696666203e20746f6c6572616e6365207c7c20726744696666203c202d746f6c6572616e636529200d0a20202020202020202020202069662028726244696666203e20746f6c6572616e6365207c7c20726244696666203c202d746f6c6572616e636529207b200d0a2020202020202020202020202020202072657475726e2066616c73653b0d0a2020202020202020202020207d20202020202020202020202020202020200d0a202020202020202072657475726e20747275653b0d0a202020207d0d0a7d0d0a, 'txt', '2018-07-17 13:53:14'),
(6, 1, 'HillClimbing.docx', 0x504b03041400080008007da3f04a0000000000000000000000000b0000005f72656c732f2e72656c738d8f3b0ec2301044af626d4f36502084e2a4414869a37000cbde3851e28f6cf3bb3d2e2808a2a01cedccdb99aa799885dd28c4c9590edba20446563a3559cde1d29f370768eaaaa345a4ec88e3e423cb111b398c29f92362942319110be7c9e6cbe0821129cba0d10b390b4db82bcb3d864f06ac99ac174153e2707741a172f26ac8a622e380b58a839f75d7aadcad7f7afae7b31b8649d2e90dfa51e0cb010ceb0a5733eb17504b07084f8bdd3ca60000001c010000504b03041400080008007da3f04a0000000000000000000000001c000000776f72642f5f72656c732f646f63756d656e742e786d6c2e72656c73ad90cb0ac23010457f25ccdea67521224dbb11a1db523f2026d307360f9254ecdf1b14c48a820b97c3ccbde73079795523b9a0f383d10cb22405825a1839e88ec1b139acb65016798d230ff1c2f783f52446b467d0876077947ad1a3e23e311675dcb4c6291ee2e83a6ab938f30ee93a4d37d4bd76c0b29334dc751818e8499dd0457812ab8054928134a2ae64f46a668bbf504ddb0e02f7464c0a75f800a74f0a10fa45c4877944ff6e91fdd3e281b82bd0c5838b1b504b0708dcf300c0b600000096010000504b03041400080008007da3f04a00000000000000000000000011000000776f72642f646f63756d656e742e786d6ced5add4f233710ff57ac7d388144134a255a71174e880af5a4ab5ab554edebc49e644dbdf6d6f612727ffdcdd8de64731ca57db892c2be40766ccf57e6e337debc797bd718718b3e686767d5d793e34aa0954e69bb9c55bf5d5f7df55d254204abc0388bb36a8da17a7bfe6675a69cec1ab45110031bce56b3aa8eb13d9b4e83acb18130712d5a5a5b38df40a447bf9cae9c57ad77124320fe8d999e1c1f9f4e1bd0b6629673a7d6fcbf4d7f7ef6fc2fb42069afa0552456a40169b83a8345443fabe83c3f19cdaa9d7c7b5a89291fd25611d5eb651dcb7e838bfee342fb10dfa713c765ff8d24fa2d98593577b12e449f15f057cec6c02283d47a565d82d173af99537d61c32e45869d4784102f82860131b196ce38df8b842eba42df1a9b567af55a1774a4efe7537af8d0534e4e7a52ad928966c3b8ec9006c1a74dd362da74e363ff85cd9d7f21abbf39fdf756afce52c426a11401adc780fe16abf34b1dd7e2d24008bc37e613d94b634cfed731397afd795682bd30f7c112705deb20249700213d42c4204048ae0b2b1d6bb1d0685410161a3c12b1467127a4a38ea62d6d15d42213715d8860234ec435511a8cb5536289f17bcdad54a220395d403ae0989ccea97e6d8e71856813310967ce60291cd127c2589fc64c79e24c99539483919d81c8ca70a82e3d28cd78b0636c2704ccc38150682288f5b47cb81387939719bdfb0481c626fbbc4bc73ec5da8315e417d751d31cf1f64b09cabd30f7ef91df0094b5aee5de86a9b3f914aa090212fcd21826e25d14350411578ed09e0dd177323a1f44c68529ba448af0839fe62c02e606df13c07b65e26b1e345f2de3ebc2ecf041b97c40b845d9971528a0909f43d7b646d3399db122f865ba90c93a0424c5545122275bb263475c46b9042e859bdfa01c4a5b78d7f00218daa3d602ef481bfea2b237f2fe17daccf72296c7d4cda94bf3d3b58b60fad9ea6027c217ba8c6591f76c87ac14dedb5c4d73166d670ab5a4285ad38587c7b2c1a17eece35313f17b0d51e82840c60e8c590be5301516a245f8134bc9c82976c418da64f03c980dcbb848a9c82be95a2acfa4943f0241d6a205ed791dd40d39c3c69e61d1c5526968c2c06a1d331994ca64725e67626fb0d28b057afc8746a6078fb1f376c86c2c054f5f0a46af3fcf02fcbf00f43f82b6577f8c55e005c4e35e98fb28964f503935ce554ded2df7d94ef3d2bcd3d4b10823c7cbd4390f1e06e1a5b51ac6e22948899b96f5603060699676918b3ea01afbe098014f9d010c7a7fad9d8f18621e00b7a35f02828c3b29d62729550ade8c9ee37c0899436151e29cef7c795e64fb7830ecc1675edd006ad979bf21f30b909c8d845b35de9250625310ef45e19055ec0fe659f5b0572b675bcebc39b2ec3cb4aa1e4f132ff24f8709306fc1f501de49d3a9fe763aa5c861c2ae61056d3ad7e4d7339f4c06097793c21657c5b45ee0c07be9e61bd516714bd7b4e089b29dd207e64cc4bb8ce607aaf2c4beeb42e26f30b010b0f75d7994050d6a523ff7ef72f1d81a7a0e9fd9b9c32f13695c09d090465ea1cffe283fd0c8e2881b19cff34b404313c792bafcc69a8d31f70d59269ff96c0bcf2d7fd13c94070e88bdfdbbfa24798f8605bfa1cbd15bde9d41faa67635286127d794347c414331db911b3afa90e7ad1f3aabf8dbd2a423a4cc2c2a51b8d111e35c9b9db1ab22c41c1badd3360f42e4978d93b3cb83331d731c1bc1d8089eba115cef14c74138a7a9fefe4520d74f0e38216bf031e41428f700e43bcafd1ce32df0ebf047ae5098903994bb4867cd7acb07b2a447b82406216bb6f4d0d674d0975a61608dcc355f8ae4f7e30cdfbc539dc4fea5645b7f2e13a7fdafcda6db5fb29d7f04504b07089dfa5e6e480500000d270000504b03041400080008007da3f04a00000000000000000000000012000000776f72642f6e756d626572696e672e786d6c0d8c410ec2300c04bf12f94e5d38201435edad2f800784c4b4951abb8a0381df93e36a667698be69371fcaba093b38773d18e22071e3c5c1e33e9f6e60b4788e7e1726073f5298c6a15a7ea727e5a699f6c06aab83b594c3226a582979ede4206eec2539f9d2665eb04a8e479640aaad4c3b5efafe8ac96f0c06c73f504b07082c31bf717c0000008d000000504b03041400080008007da3f04a0000000000000000000000000f000000776f72642f7374796c65732e786d6c0d8c410ec2201000bf42f66e410fc690d2de7c813e80c0da92c06ec312b1bf97e3643233afbf92d517ab242607d7c980420a1c136d0edeafe7e5014a9aa7e833133a3851605de66ea59d19458d9cc476077b6b87d55ac28ec5cbc407d2701faec5b78175d39d6b3c2a071419f792f5cd98bb2e3e1128bdfc01504b0708af53c841790000008a000000504b03041400080008007da3f04a000000000000000000000000130000005b436f6e74656e745f54797065735d2e786d6cad92bd4ec43010845fc5728b62070a8450922bf82981e27800636f12ebfc27af73dcbd3d9b04a5404808e94a7b66f61badb6d99dbc6347c8686368f9b5a83983a0a3b16168f9fbfeb9bae3bbaed99f1320236bc0968fa5a47b29518fe0158a982090d2c7ec55a1671e6452faa0069037757d2b750c0542a9ca3c8377cd23f46a72853d9de87bc56670c8d9c36a9c592d572939ab55215d1e83f941a9be0982928b07479bf08a0c9cc95f118bf41f42ec7babc1443d798a88cf984dca510322adc63bb1295ed9b0915f6995d91a606f2a9717e58923e7a80c93ff804c5171f126dbe8bf5b60393bc0cb5758e76e7cb9dc4bf705504b0708ff626bbaf30000005d020000504b01022d001400080008007da3f04a4f8bdd3ca60000001c0100000b00000000000000000000000000000000005f72656c732f2e72656c73504b01022d001400080008007da3f04adcf300c0b6000000960100001c00000000000000000000000000df000000776f72642f5f72656c732f646f63756d656e742e786d6c2e72656c73504b01022d001400080008007da3f04a9dfa5e6e480500000d2700001100000000000000000000000000df010000776f72642f646f63756d656e742e786d6c504b01022d001400080008007da3f04a2c31bf717c0000008d000000120000000000000000000000000066070000776f72642f6e756d626572696e672e786d6c504b01022d001400080008007da3f04aaf53c841790000008a0000000f0000000000000000000000000022080000776f72642f7374796c65732e786d6c504b01022d001400080008007da3f04aff626bbaf30000005d0200001300000000000000000000000000d80800005b436f6e74656e745f54797065735d2e786d6c504b05060000000006000600800100000c0a00000000, 'docx', '2018-07-20 14:36:45');

-- --------------------------------------------------------

--
-- Table structure for table `exam_question`
--

CREATE TABLE `exam_question` (
  `id` int(11) NOT NULL,
  `teacher_id` int(5) NOT NULL,
  `question` text NOT NULL,
  `a` varchar(80) DEFAULT NULL,
  `b` varchar(80) DEFAULT NULL,
  `c` varchar(80) DEFAULT NULL,
  `d` varchar(80) DEFAULT NULL,
  `e` varchar(80) DEFAULT NULL,
  `picture` blob,
  `type` varchar(3) DEFAULT NULL
) ENGINE=InnoDB DEFAULT CHARSET=latin1;

--
-- Dumping data for table `exam_question`
--

INSERT INTO `exam_question` (`id`, `teacher_id`, `question`, `a`, `b`, `c`, `d`, `e`, `picture`, `type`) VALUES
(5, 2, 'What is the name of the president of the federal republic of nigeria?What is the name of the president of the he president of the federal r', NULL, NULL, NULL, NULL, NULL, 0xffd8ffe000104a46494600010200000100010000ffed008450686f746f73686f7020332e30003842494d04040000000000671c0228006246424d443031303030616136303330303030636331373030303034663238303030303966323930303030366232623030303030633336303030303439346530303030373735343030303033323537303030306533353930303030313538663030303000ffe2021c4943435f50524f46494c450001010000020c6c636d73021000006d6e74725247422058595a2007dc00010019000300290039616373704150504c0000000000000000000000000000000000000000000000000000f6d6000100000000d32d6c636d7300000000000000000000000000000000000000000000000000000000000000000000000000000000000000000000000a64657363000000fc0000005e637072740000015c0000000b777470740000016800000014626b70740000017c000000147258595a00000190000000146758595a000001a4000000146258595a000001b80000001472545243000001cc0000004067545243000001cc0000004062545243000001cc0000004064657363000000000000000363320000000000000000000000000000000000000000000000000000000000000000000000000000000000000000000000000000000000000000000000000000000000000000000000000000000000000000000074657874000000004642000058595a20000000000000f6d6000100000000d32d58595a20000000000000031600000333000002a458595a200000000000006fa2000038f50000039058595a2000000000000062990000b785000018da58595a2000000000000024a000000f840000b6cf63757276000000000000001a000000cb01c903630592086b0bf6103f15511b3421f1299032183b92460551775ded6b707a0589b19a7cac69bf7dd3c3e930ffffffdb004300090607080706090808080a0a090b0e170f0e0d0d0e1c14151117221e2323211e2020252a352d2527322820202e3f2f3237393c3c3c242d4246413a46353b3c39ffdb0043010a0a0a0e0c0e1b0f0f1b392620263939393939393939393939393939393939393939393939393939393939393939393939393939393939393939393939393939ffc200110803c0021c03002200011101021101ffc4001b00000300030101000000000000000000000001020304050607ffc4001801010101010100000000000000000000000001040203ffc4001801010101010100000000000000000000000001040203ffda000c03000001110211000001f464bb75f675b609a8b9670e6c119c1983675b64ad4dbd432ee6a6d9c9e873ba26a67c39c8d7d8d73afb5abb579e0e3cb872696d1cd69a126a926904d524d00009a126120081500420040800a00404c0400024d0009dcc98f3ebf1d3d9c3b71aef3d1adadd446abdd51ccdadb460d6dd66bed5e134772f118f364dab3431f4c30e60385873e0cba192f9e9810954d2552886a90021a10e41342004054b10268130402080010d3431009c8023da53356730e6c4629ca18f5ba0184d844e9f408d0c9b726b1b12b8d6482f3e941d039b8ceb1c6c672f995a52ee56823a2680bbcb491bcb452741f391d37ca23ac7212f68e20772bcf92fa1af361e9abcb92fa93cc547a53ce5cbdf387917aef9551d25a392368c14b94921b9639684057b75cb9f4f3ea4f29cbd0d3d3f37df3eaa7cce5ea76f170c3b18f961d08d20da9d546d4eba36270c9b0b5d19cd7936675d1b2f559b2f543696b06c1ac93656b06cad60d95acd73ce10cab185a9072c267238c2b619ac6cb350db566a3d80d63620c74499af5665dfbe60762f88a3e8e333681b0d4f37e8fcefbf8d5cd7af18532c1a634012d0262a54899b9266e481ca31318201a12a091a255210088012a9513424d92a908086262682884b99e10ce6051b35a4cdc34c36e75dc7d198f2ea432347cf77b85a7c2c6bd39c4c2f20dd4b05929489a4a2624aa959549226e44c000000434134894d22014102184a680004c24a448d92a825300100800110c04c3e92d98762548e6f13b5c4d5e19535df18c6580c5918202c9294a86244d25954894d2494813403049824d24aa448c14d210d289a114925a158800434204d026900144d20001527d2c0c3b04c393c6ecf1f578644d77c430b0194869515220204c266d24272aa6922001340344beb51c75d58398b7370e32cbbe728dbc2625bf88d459710004821b4c25a04009a04d00000209a51349f4d4d61d80071b93d5e5ebcf966a3ae534fa80009b25512caa421829a491372b03420109a42046cf6bcd7a5390d6997ea7ca7b43c47ace57725f1f8af1d9ec3ccfa6e7cba5c9a9b04d12340002684d009a1cb4000021802624fa601876001c3e6f479daf3e58c98fae503ea00c40d64a05348913826910aa4857288012a44a60bd2f9ae998747774caf57e7374e37a9f37d55e461dec09e9fca7a0d097574bbfc0b1a01210d0026843420001001081d21a0013e98062d8268e173fa1a1af366c7931d826750600260a858572405224d4b2ae48552923409a25521268109188513904c24400024d09340008612a908000040020000041f4e4cc5ad0e4e0e8ee696bcdb18f2e1b0735d3a59706cc1cbd9d63a84234ba3c9dc39fd6e4f40d9e377f9e6df0ba5cc377a3c7eb1a53cef527925b3ac95d8d7ed9e3d65c66df478bec97c4566da4dee17adf1c6e6e72bd39c7d0ab306ff0033d64be4b6baba35abadbd69a73b7e917c6cf634d3493ea9c93a7cb057e923ccaded1a41b26a9d2d231007d380c5ad0c3ce6a6d6b6ccd9f0e6c49343ea7476b1d4ba9aa55746277238bb649a7bda5d938de8f848dbe47a1f3c67e96b74a3cc7a6e56fd71b52ba86d5f2754eb70fd9f9023b1cfdc36b43b7e663d2791f65e3aabd8f8ff00571cce05f4ab95d3e67523b1cbe57b35f1fabb7a9793d7790f5f2f900561d9d1eb4bbde3fdbf9434bd6f92f58798c39f0587a8f2fbd2e3cbe97ce1cc0567d39a316b608f37af9f5f665d9c39b014d3e999e2a8001d4c97098aa50e28262e452e458ee49c9091ca4bb1826533d6a8657843a1a1126e6e71c3a987412e5ea71a62b73451930b566c7a3f28e32e1157a3e0e217a9dcf1e41ec7c76437f6f9190d3edf0b6eb5fd069f3a35c04fa6818b5805799c39716ccbb18b2e129a7d4a6394a1020258c4522154040895535334899a991004cd4934fb27127a994e32a085e8744e62eaf2849a10024d02000434000034a04ca91a0050023e9cd18b589aaf2f153b72ece1cd8a0a9ba74aaa8108a5113409e30534cc654d28a884812554929aa53531dbc5bfca39fd2e76c9d0e07a9f2e7a9f39e8f4e5e66967d7b1020100982420000188100002015212723111f4e0316b154d7969a5b72ec61cd8074aaaaa724515239b463c597103b0959198b1e4c34b1e4518e724a4cdc8a6e16554a6df5fcf640ecf3f50cba4d9ea3ccedebaeaa1200123420040026080100002a06826a12a552351f4e0316b26a2bcc09edcb9f0e6c417355778ea2de3c8355045559896481231d445cc286aa5398734acc6ae481809a08a9894d093424d08a429a424020043049824c0000000049a0407d380c3acc793159e6466dcd9f166c20503a90c9931d97340a842c59311054910d129cd7a3e5f4f971b3c4dad43b11cdda36d2e491dde0774d4d4d9e71dff003deabc926df4b89e94f2c4f70c31978abd4e57738467daeb7021eaf4b9b621a1021a681340040052004367d300c3acc39b5ecf39535b72e7c592146c18e4a66428526400c4b362222e4c703a539263bfcbecf18d4d7eef20d6dfe7f5d2f89e87cf0bbbc2f4661d2ae62fa9f23ec3c7c95e97ce7a45f27eb3ca752cd7d0f4fe6899eaf30d8f51c2e54bdce17a6f32085600869a04d0864269d200101f4e030eb35b6757a9e7a956ccd926e0b06269992a3211792569b6628b831e2d8c498a28312b0128aac3524e4c4933e0441b5a819f1e393774a51b39b9c87209d1d8e3a5d8d468ddd9e391bfa03126524c10102652021014080423ea0061d66a6de9f53855193666b8c923a1d49920bc98b3c64c6e4b0c8b18b67509d7cb892e2c31464c55135029a4933489040044cb424d0a6924b188688552a824a004a9420280040a004341493409a3ea0061d6696ee8f5387717b335a726568aa6aa2acb31d48aed5060cb88d7a624c548b1e48ac31704a728e5b226d129a2535093489340d3253099a852681520499009d20013421a0402004349f4f0306c39fd0e77738d717b33648a83254babb8b8bc914635918b3e372ac5955618c98889bc691178ea22a5255400d02a92138873971929a4434084204a4b091a004800a98840c040e5a1001348430fa7018359cde8f33be79178b26ccf53482e2ab25e3b8cb58d19736b5abac41b1825094c1593075fae7951db9ef8e1c7751c23bb47017a0679c3d223ccc7a793cee2f4e8f2ebd487959f581e497ad17c84fb123c72f628f1cbd8c9e3d7b098f22bd673638a073d2000400021c8c42001f4e058361caeaf27d39e4e6c5975e77170554baac987343cb8329550178a92c3ac6639cb8c5d9e2f6bae1c8bd780556218a86019f272d5bcf816b065c379819d01219214e0324c92b120420e5f4f991c012f0ee902808001021880047d41330eb5c7ecf1bbe79997166d79c9bc65a6a9e7c365d4596910452531de32a5e247d8e2f6bbe454bd3804c9630cf87245ebe7d7013e82a4482b02429243528a90a4d286215f37a3cfe5e740f0ec548402a0204d500021a7d3c4f0ec38bdae27af1cecb872e9f072a4cb58ec778f255e5d7b324528c49c8394028aaed70bbbd728675c8d1d44c0322d8e6cb7aa402ee00026ac43051912e374cc65c90ac489c88c7a1d1d0e6f9d68f0eea692a4d0268130400007d39a5875d70bb9c0f5f3d1cb87369f12690dcbaaa8a8cb587215328689049158dc8fb9c1eff5caa4bb803b0d9c392336ae5d58627e910c24a400c96da4ab4b14112a902100895f3fa3a1cbcab0f3ec0049a86aa4400265200fa681875bf3de83cefaf9ea66c59f4f8e34d0daaa75170b2480a595368862262d54fa1f3de8d2673bb35ad3e99685c1ebe5aea6b9b6cd5bd85188ca2e233a304e6766b2d955ac649bcc8d5a9b510ac31e8f4f4e5f1ea979f4809103526e4498200401f4d118b5bf39e8bcdfaf9e0cfaf9f4f8c4b92c4caa4c61234a4b1013788a1217a4f37e8d294bb0a4c72145c34cab186450c56064789f3d1508c989aea220ea510e2c939b4412d68ed6aa78e4251352143594d08010c1268fa6018b59e6bd2f99f6f3c1b1afb1efe3844553966478eca2685392069a0c797109382bd3798f5112e9f24f254617968c0aa40c3b3514dd21a8430435445ab314e55d4c7621e48ae7a89cb3187577b5abc426904d0dcb1268698200401f4b4d62d8798f4fe57dbca7635b63dfc703974ea58da464ac6ca201d405490563a91fa9f2fe9f93a53c5b7c8de8d88e2e497a7afafa275b679f9e3a2b4729b113ceae9e4c19ac62ab526125042b42622a009d6dad7ea7854d75c88000010000020047d31358b61e53d4f94f7f23635b67dbcb59a76310512ca268a26894e472d087257a7f2fd5e5d5c58f0f179662d23a19f9db73a326ac49d99d4b8da7cdd89768d6ddae8d6be7a758ec6894a13a4504cd48242d6be6c767804d7a700d00009a0001340047d28163d93e53d4f96f7f15b1afb1ede7aed3b19214485b865b943421240d391e3ac51b46be1e6d6268acbae1b781e136af572c1971628dce871334beaabc7678dbc5a5167a2d2e7e05e86f79fcd5ec4f1f9b9becab87d896d8c88c915f3f9b8f5f310580009a000134001f490587663f2de9fcc68f15b1af9fdbcf00160d218829c851214921a02a4401afcaaf15f3d1afb5a69442ea6452c2a486e45cb789c4baa271ed39754dd98d036556bd376753bbe63ade7d762b94e5ea1cb8b3cc63b8f6f3405026080001000027d20161d9afe6bd1f9cd3e2b3e1cdebc601163103103122841486496921d2a35767539af3ea9cdc9829248140d0c414d10085c9589c66ad7a973e3c49367639ca5e81cf0df7a4a369eb5aee4e088d5873ede6014d000000080000fa381875e9f9df43e7b4f8d65c57e9c611163114021881b9631037292e520d5d9d48044ac33c6bacd8401530060e1cb16402f635aa04a4bc62a1cb3228b8cb5889640b30cb5d72345000000086d0001f4668c3af47cff7b83a7c6eb1dfa7188475000040c40c4c010d2118816aeceaca010dcb0121003131a6a1d405488a70c40950c406c558e958e064d18d3562616099080a43210d50d07d1c0c3af99c3ed7175785545f7ce105d4626000000002684080406b6c6084320a4081120c4d000c40454a060c9180391a40340d00004a6ac000004356804802a019f4505875f2b8dd6e46af0ba9aef9c2c3a89a062062001002040204860cf8654d10dac84e2b5129aa6260081a206818856c049c8d00008d3400129ab134d6e13a04200000020fa288c3ab8fcae9f2b5f8641aeb9843e880010312188041020b010187344453160a508020a092e44a84498a800699492868540229206206480801058c05134800000981f43030eae173b7b435e7cb353d484d74000424626009411200a81009a0402004850260810d00268400c100020434000c400800000084d140000000001f4343c3abcf68eee96ccf9a2e2c996a90d00140009a8402204a2684d1608408032e1b869128d518f360cc6097366ce314b7222b1bc664bc798c570878f262468280204d0000028000000026acfa05cd61d5e7353675b667cd8f263b2642800040c73408042901009824d509a1010905085034509a8434000210c0010340340026008000025010c000000a003dfd4de1d3e5f5f360d99f67165c3648d520004c69a126810202624e5411402410420281008210009a04c100000868100c4c00004341283918c1000008681a0fa0d45e3d3e4f1dceccf9f06ceb026ac100240d08620040024109410827234020284021a84c0100801890c0100a2691881a1c20001030b5a6804c014800a261f40a8ac7a7ca20d99b67576755442b0420400206843251440349144a2881294a2d4b19214a42890040c40d20a24864d50206206206206821a4d588000681001400f7e38c7a3cb88d9e1b3abb3aa89134081a40021ce5c2092872416af114a7356224864b199f54b5484254c730ccbb06913d239cf23ac2f779f1424946c6b2b16d9ac4e7312cf94d373dd3867439c51d0d124bd934ce97306206e59f40c558b268f369ad79f6357635e1273d0400201383d06a757cccb4f15a6c72ba5cd3bdc6cf66b7578fbcbce8cfaee5f439db0bb9ccebf1cec5eb42eb43dd4dee075748dc85ce0eff009fee1cbdbd2da37389d3e614b6b58e8f33a184d6f43c6ca61ac9ae7631f3768e775395d557cadcd44ee61d0661dee76f997999f003963134f7d8326b65d3c148d59f635b361848292690056a8a833462887bba01931346f6a6307bdcf06841701b7a805a863720aa41a00a90680004000001a1468180000000d03130130001a0f7ba9b5a797df84e6b57864c39702b41608049c8a5c1335302004d00200010000000021a68000043103130010135000000006818000000834c042b00019eef47734b37bf0ee2b4f85e1cd8250458d0810aa71dc429a91000080004d0000002188680004c100000c100083128c0000001800d9251125321d8416cc6646b88cc27b5e7f439b9fdf8d78de9f0d8987cda52aad48134a30c66c6638cb3505a4956105043a082d1252000010c48a251648b448944a2de3465784333c019cc019d61173185a6558c323c4190c61914a2c90a48a003dcf37a9af97dfcdaed63f7f3e49d384e79bd1669adb46acecc56b46c42605924929125212a092824a0956cc6ec31991988ca184ce180d81701b01ac6d38d43719a66e8691bce5d03a01cf3a4ce69d46729f5697927588e5d74839cfa04ba35b81aaf643056525f480bc7d040008000048b165c5587066c158a2a7a893040588608004c1002624698240a268608600000000000034c1a60c000000000004c4000009e9243cbd0400081a11a10b165c55875f3e0ac5153d400440009552004d0d340002010d0020060260000000000000ea286000000000000200681883d081e5d80804c0044089c7931d60c19f5fa624d5880b040026080000400206200001000034c13000000000006d301a06818000000200680620f4027e3d88286800013564e3bc661d7cf83a629a9eb940868431003400868100140434d00000000313010300000006e681a6262a1a01a7009880000181dd7278f6c455240c4580227164c558b065c1644b5d4108684310310026021068b5888001003103103103000000118856e686050040058d0280a46215898011fffc40032100001030203070403000105010100000001000203041110121305202131323340143041502234602315243542444345ffda0008010000010502a93f9c1d12f7bff43bbb37441dba8eebbb93f5c5de9ba47eb7fe577533abff0094bd887ae7e8a4e551dca7eda93b9f5753dc83a5fde1fb2eef4dd3076e7ef1eecfd7177a6e8ffcdff91fd51f57ff00197b10f726e8a5e551dca7eda97b9f5755dc83a5ddd6fec9ef4fca0edcdde3dd9bae1eecd7c963e9f23bd3398e2e6b483a2fd39232628a17074911736184b04b4e5ee89b91aa6eefd5d577211c3238ca1875f48ea491664d8c31a638cab3731b142cb3ad4e19eef0efc637b8ccc2646364ce41b4dbb3777eacb41c5e6c49b4af1f8c7c66f993b970f5c02ca5167e0d66591b1ddad8c89dad2c6362ca833fc9bb5f2b9953ea1ebd4bd7aa72f54f5ea9ebd4bd7a97af52f5ea9cbd5397aa72f5657ab5ead7ab0bd585ea9abd5317a962d762d662d46ace15c78ef6dce525cc6168ca2f945ac106818dd660b3b56a316b316bc6bd544bd5c4bd6c48d7c6bfd4188ed16aaa93566f1ae5662b51cb59eb5debd4bd7aa2bd52f5417a96213b16ab1676ab8f6b3059da9d335a0d744bfd41a8d7235ce5eb2446aa45ea1eb59cb54ad459d675996659c2cc1660b32cc1660ae15c2e0b82b85c15c2e0b82e0b82b0560ac1650b285902c81640b22c8b4d642b21594ab1563ece62b51eb59e854bd0aa7af54855357a962cee598e33f6937a9c55d5fcdbabab9598acc5662b3159caceb516a2ce1670b30570b82b05942c81645a6b21590ac8558fb553d94de6ff00b0bacc5662b3959d6a2d459c2cc15daacd5942d31bb55d94de6ffbbbacc776b3b299cdff00c0d6f69379bff81adeda627ff035dd0989dcfee88b6f5774a6277f035d8313b9f90ea2cad8e8b50ba92c67a474514301953b67c8d197f3143315340f85471ba4269265e9a54f63a3f32bf062773f22a263349b17b957fb5af7a661b3f6bfebad904e94a4b9ed716a7b9dfe96d9e506b6513b3cbafea4ce4ee7e4ec5ee55feca6f56d031b61d4a55b38c65b275a6e53b2e38e014fe65775a6f23cfd93e06c6690fac0454a6f5ed7fd75b23b527717ff0090d7968861cf17975bdc4de479fb27c06d6cad12d4be56a82730a76d091cb37e6cda05827984aa2735aeff00516e9ead35e5ac88d2abf955bdd4de479ff0159dd4de93cff80abef26f2f9c29a38e433c7142f81b048e70b1a56c521aa1146632d066d163152e93cd65300d6f077f87d3bb89a631deb190c09a69de6a290c6dc002e35b48218b0a76c4e5554023890172fd9c18c91a1af820132936798c3688b8cd198648a33238d04c1aa3a79651241246034b8e8c8169bd58f8955de4de471a2fd9ae69351234c0e3c56cff00d8aefd8555d0a8fb94535c5641a4f3fa2a0ef6d6e6b673b5609d992554832aa777a9a47b4b5c99d71bf3cb3c7a72d100d3566fb3147dcdb3da687b5b55289a554d51921da54b90d0c8e6d4d648f7cf41236195d593b8caf737674358ed4ad0054ad9d00967da10e8ce85af4f474f50ca9642c384303e64691ca48dd19dea9ef21cb1a1fd9ac95cc9ea24d472d9fdfaefd85558527701b28dcdab867618e9541dfda9cd6c91fe3aa766a84e89ada7a46b617ed3872c89bd724ba5b476ac6aa3fc54d55ff1899d7b49cd64751246fa1c26fd3a19c5444203057d4fec6137fc4e2e3e9a96b5bea68f0d8bdb97b9852c7a9b37f3a792ba46cb36f54f790e58d0c6ed6ae8ceae14afd39ab22cef6c0ebd4383e45491594b1e99864313ebded92054b112faf8f593691c4cb52c8612a8e98b9f561faadb973d867a57b0b0c113a4936844e1514ce6cd49338cd2d4b0ff00a6a8c5dfb601307152c1a546a61fec63798dd116d5b2a7f63097fe230a68b5a79e5a3964a0920736ae2d19d6c4e53f7b0a5a97d3b9afa7ad6d6531a776f547750e58891e16771dccee0b3938dceedcacc55ce224780e71720483af22738b8b257c69d512bc35ee6b6391d11f5d3a7bcc8e86a1d0a3b4262856b82a9aa7d408dc18e7576669e2692a4d3be57679143a798d552ba9e5c81ea9990451c8dc8ed9e1dafb4a16d461b2617c42a696613505149a879fa7cfb3c12c3b45f7a5de9fba87daeac817a8982f573e0ca99583d7053ccf9dfbd37750de1f5e79fb927717c0f74fb27740b9f4ac8a3cf4e8d2b2561162db66868a299a62a752d2b5b079afeb5f1ed1f0765441f36d17e7a9540fc951b562c922d91da0d324da8e8d9e6bfabda3ec9f6b63955a2d52a945ea76c1fc56c8ed43560544dddf34f35f1b8379e7021595b13ed534a6196ae315234dea8e1d155736bcab6535cd8e5696c9e69e581e580c06e956bee9f75af7357aa994923de50363eb2752cf24be73b960797b36bab2b6251fb1774e0796e8c4e27127ea8fb0fe8c0f2dd086f3973c0e3c8d23219dae9630eb432c09ad8194d0e84b2d532081f1474f33152c14f50aa9904461d252d1c11c5265cd4ec85ea6a18a106d74ca23934a98a3432610c2f99de945e5a79226f8927460796e1c06e95cf13b9b2fa7d3c8f9e4ff001489ce2550fed6d6efb1e632b64f76b41f524155dfa0a3ee6d8e85b2a012cdb4e532542a09ec16cb60753cd0be074d51a94be24bdb413b97bee43961b2fa054bd934ced498820aa1fdadabdfc36477aaaae464feb6555c6f4299d7b63b6b637455f0a9c69e77c0f8eae0a915d43a43c49fb48733bc17caf9be2f4307713cb0e66823746c96964cf4b48ed4a8e332d9f13f5f69c4f74b86ca8ded92bd8e1501a5cab58ef4454409936b82635b3e7d19b695317154f4d74eb5d906a50a648e3b2fc4a8eca6f33cb7462100ad810ac9cb96e662b3396776225781ad263ea664f9e57b6395f1af573a7b8bdd1544908f5d3a2ecc543592c28d792a69e49b08eaa48a3f530395454ba61e2547653799e5ba104060d44f13cdd8817597ec2a7b29bccf2437021c716d910b9a7a3c9c5721893f5b55d94cea3cb742188c3e5dd4e3c1bcf03f5f57d94de6ee4372dc40c5bcd5f072b71c4fd7d5f69379b90dcffb35591400187257b2b5c5b8ee147eb6b3b49bcdc863f3f239847a873bdd5911970f928af8381fadaceda6f376fdd355b885ff00637451e6e470381f64a773fa2adeda09d88dd69b2278140acc895757e2b4dd6d27ad17ad27ad19168c8b4645a522d1916948b4a45a522d27a7c5203a6f5a6f5a6f591eb2396572b1563e5d774a6a76e8c422777e495f03a3dc3c7dab0560ac1656ac8d5a6c5a51aad635b1f835dc9313b7c72187cfc9c2f88edfb41a4a113cad1727b729f7ebfb5e0d760c4edc180431babee94ce8f603106b023359195e5190a26fe057f67c1aee6989db8310afb83759d077da11e5e257767c1aeea4c4ede0ac4637df6f46f828bbdbbfb55dd8f06b7b8988ee8c79fb0537a37c2633319db97dab2b2b7b15bd8f06b7b89a9dcf70617e0d451deba6f4ef06dd35802d5b271bfb7659559595959595b0adec7835bdd4de479ee0c3e3922af85f12ae8748dd685c93dd73eedd5d5d5f0b2b15655a3fdbf8359de4de4ee7be770eefc6e700b9a2d3efdb1b2b617599561bd3f8357df4de93cfc01cb732e0e72be21a83165591699590ac85655656c6db855959558ff6fe0d577d37a4f3f645b7be500881b975f395705c170c2eb32ceb3aceaeae1156c0ab6e595955febf8351de43a4f3f66eaf8157dcbe215f1bab85c372c5645905b285f8a2c5c95fd9abfd7f06a3bc9bc8f3c4627c8babacc895759938df7eeaf854f63707bb3f753797cee8c4fbb656c6cacacadbdc1595b1b2b2b2d345b65656551d8f066ee26fb477c6364de0b32ccb30470649777b965656c2fb951d8f064eb4df6c6e94de7bc5e006bc3d4b2652c05e6e4604aba26c9aebfb96c66ed782eea43dbf9dd6f56053dc1b26ab6d34c73c5731c4f19a524c903b296f13ab953807b45807484c91747ba54bdbf04f3f09bd57574ee55360e75df1cadb28dce7c6dfc483670be56b9d690b5eb301137a18dcd27bd65274f8071f8f68ef0e714e9b2b5e6694314cecc83c859c914ce4f3fe56c89aecce89e539cdcdc531c733646b532f8dd5d5d5fd9774f80ee9c3e3c171e3139d19964ceebe2c7e5529cc83acb3141d9132e8ce4a8dd6303750b646a7bf2896a5e4b6a650995bc24ad793eae550d71beb353676957c6cacbe3c07f46079783ff6cc729c6f85c64575c3235c5a0f128bdcb390b5df978a078c82c706dac1e83952c8f720861cd1479fbf276f03cbc0f9baf93c707602d7c460115f1839c5cacb8840664710a097208a4cc332babe0feaf7e6ece0ef07e6e81c0b781f602be3955970b08ee88c8b266592c88b20d5058bb5991a6ccd7a350d05b35c0a8053fabdfa8ece0ef04733d48db21723ed85996659b809139d74c7e55a8080f695f895f895f8acd65704fc0e6eeaf7ea7b0873778470bf876e0aeafc6eaeb9921389cb991e7efd5f6137a9dcbdebf816dcf8ca2c79af8c02b5905c9128e079fbf59d84dea774f8acb3548e0ef66db84fb44e27c0adeca6f53ba7cfbfd0d6f69379bba7f80aeeda6f37f2f16d85bd9bf0df3e457f4a6a7f2f16f85fea6bf926a7f8fc2de693c3dbafc1a9fefdbd93f535fd4989fcff0080aeee2627f85656faeaeeea67377f035bdf4c4efe06b3be9bc9dcfc778680d6e60e1616fc182e9e2ceb311e05168c91817701940fc23b171b27f03c1a9e02c976385bc6abefa6f4bb9f8ee3f8b5d669376dff00063f2275af9988f1c09690c201738581fc5a6ce4e372cb3938dd66e0e7663e19c2abbe9bd2eeafbe3c954f7d0e97757df3ba472a8ef21c9dd5f7cee4a6eea6f23cfef8e1275a6f23cfef9d83ba90fe00e1f3fc09e78fc7df9e6ee9c3e3c1bfd77cc9d187c7b391f6c392e364d8defc74a4cb88b92f82560595d91ad2f71e18169014513e52ea499ad428a52258cc4e862333df49235b8c516a3706425f0a85ba92cd13a17b2206993a2a48db3c0d6c6a8a11339c0b5d1f5d600da9940f47bbf3376b03ed4d34b145b400cd4dfb157fb2ff00d052ba5d3964323a02dd6a892a2391c6e70a2706cd29a98b081864a3a6a691934bdc6b73ba6c9244a83adf03c354f16a295b91f41fb1130d2e163851f4e00984cccd2929bf62491b24a18e8e95569e14ff00ac9b1b9b4b5cc4de0eaefd897f4b77fed3f67077b426c8aa338969cda7ab04544df8d28e27fcd4cfad035236191d4ee9592ce009b08a232aa63260c36a2a471f51277293f051d444d7d4334e5a2eac2681f3292331ba8bbe089e2515449135ce2f75190a589ac6d3e5d57554a4ccf12c711cb2cee0f9854de9d6ac0e64d3e768e73c9ab2365b449b53f8cb2994eefcd4f617cbbda925748a595d294dab90091ee91c9b552343de5ee06c4d5cb9716b8b4bea2478599d95a4b4f3598d9124a048c6e7cdf9aaeca1cddcb7cfdc0557d94dea772fbf0aafb29bd4ee9df3f7015676937a9dd3f7ed55bdb4dea774fd858ab1594ab15656565956556560ac1595b00ab7a1339f0232059169ad35a6b22c8b2a2d56565656565656565656565656565956559565595655956559559582e0b86165656565656dee0b82e0ae15d5d66575757598ab9dc1cabba55ecb3b9672b32ccb32ceb3ace8bd6759966599665996659966599665996659966575996657575757575757598acc5662ae55cab9f25bd35dcbedac5652b23969b9693969396895a2b442d20b4dab4da87296212af48d5e8d7a472f48f5e9645e9a55e9e55a12ad09518645a6f458e595cb29562ac558ab1562ac558ab1562b29594acae591cb2396472c8e5a6e5a6e5a6e5a4e5a4e5a4e5a2e5a256895a2b4568ad10b442d10b49ab49ab49ab4dab235646aca15879251451fe04a28a3fc0145147f8228a3fc1145147f8129c8ff00045147f8228a3fc11451fe08a28fdbff00ffc40023110001030305010101010000000000000000011112023150031020304021136070ffda0008010211013f01eca6d824b7bd86187524a4949292524a4d49a935267e87e87e84d09a1241d397e67e6554b6ee38e38e38e38e38e38e38e7c3e1f0f87c1861863e9f49292526bbea7a9c71c71c7df52f82aef82aef82aef82aef82aaf82aafe76e0dceab8be64dd44d905e0b7c12df04b7fe95704be25f02e096d82aad82aad82aadd4a4891224489122438e38e38e3f4d76ea5e2dd49d35dba97bd3a752dd4bde9d3a96ea5f46a5bbd86d9b661b8374ea5b05a96ef61b6622311186d9ba753c0c3736ead4f1b0dc57a753c2e3ece38fd9a9d8bcd861bb753c8e38e3f5ea5f055df055df055df055df0555f0555f0555f04b7c12e0d704b805c12db65c02ecb805b6cb80aadc3e7b948291522a328ca37161b761861861948a9122a4548912244891228320dfe57fffc40023110001030402030101010000000000000000011112023031500310132021324060ffda0008010111013f01b956745567fbdc71c8a114234914208410821e343c6878d0f19e33c678d48291522a37af90f2142cba61861862230c30c30c30c30c375f4fa7d1c71c71d0f832104209df163fa9861888c32f7c58d1716345c78d171fe74547e745463454e04d0d3813434e34498134298d1209a04e93409a24ce8933a2a73a2a73a2a33d26828fd749610810204081020408102040810169b3c7fae92c53eb21d447b0b8b3c7fa16cd3e8a25aab1678bf56a9f45511ed558b3c5916ca76a52d6d6cf166db8fd27c2648928ea3a921c71c7156cf0e45bcddfd1944186ebedae1c8b65471c72425438e392244890e38f678736aaf671fdded708b657a6146f571c71fb4b3c5697d9861861861ae70da5e93ddc90fd2dbe1c5a51ac30c4489118612c70e2d2ff004716345c58d171fe745c7f9fe461aef1fe745463454e3454e04d0a604d0a09a24d02749a04cf49a0a73d26829cf49fdafd394e7a63e9f4fbfc6c30dd37b52aca7910f22134248490741fb71c71c71c71c91242484909212244c9922448929251c7f74ff089fe83ffc400391000010203050508000504020300000000010002101131031221407120223241511330506061728191233342a1e10452708262c190b1f1ffda0008010000063f026a6a77b959a6ab3d504ff8565aa1ee4df794fd21f0ac7db0ff00656a9df0acbdcbe53fda841daf8635311f7a6689aacb54d4fd42b2d537dc99ee29fa43e158fb61fedff6ad53b40acbdcbe53bda5083b5f0d623ef4dd137e5597ca627fb82b2d537dc99ee29fa4252e4acb0a3612ff009278ea9c530743358f544cea24a5077867c14c54fd483b94902998d1008bfd50c31e4af4a885d154f9fe94d3d516f45329c0d248bbe93075132ae72227b4ef0ca45a3aa0dea15d1c49f3e4bfe37d59a90e141aad6ef309800c4279fee5bdd668bb949168f84c955aaf9d369c0779454545454d8aaaaaaae61a7a2bdce520aaa6a50a6c55557105c41712e2558d15117e62aaaaaab0a2a2a42ab8957bbaaaa9c28a90aae25c4b89712aaaaaf8655555634548d62ef223bc887c7ebfe0d1af9107911be446e70173c09a935e0a9768d9abf3042a80a6485756122b7949a315c0b80ade12ce37397be95a68ad3dc8d91eb821aa66b07ea9d33cd6055f9ef5d5838ab277eae79c6e76d3456bee80d533b4130bf2ca7f662413b580bd80baad8d9baf3aee75b9db4247256987380d533585a6a9dac3fd519731256b6868c19c1a67709293a50c002a45a0abd2526d980b8002a6e6de0ae767babf28a36366c94f39f1fe0e0d355764aec910ae118ab81b8ade134d3738842eb9bc976967458aed6e73922652418f6ce65377273522dbaafb716c4015298e6fcc64f24145ed3394001cd5e75a4949a663aae30d2b7ad1a149b68c28b0d42ba14e58426c6cc29bdb25202657015c25532860361ab01c937aca70f846163ed81f695d93d4c70943df066aace0e63b92737a183ad8d183f74e63b891060dd55b5894e6744eb6770d98fdd03d6506eaacf55da8a03257fd21fd38751d35dab384ab300e04a7cdc65346d1dc9b829df42d0714862876922344f95213770351950d218d11731cec3aa959b8ba26e8c054add735fa293848edba0361aa4134fa43e13a165ed83bda54d5d77120d3fdf066aace0f77aab43eb06591b4ba6a57e6820aed051d06ea8bb9734db509963ccef390d041baa65f65e43b36dd93a91fe9fe51b1b4aab36f2bd82b4f74468362cda38de6f94db56d4631b5d53b58963788d574215e6f4db76d077245fca209a2becc56f601614180817388c44261308eb06bf9029a5a460b7880176563f706bddc154e73c556ed549c37a4a4e1229b74734e74b05bff00a2a9ceea80e72106ea992eaa49ae70df73a161f2839b5098ff00d4d2ad3dd11a08b59cb9a25d7fa2362c24ea9cd85aa7eb1c311d148f12f43b6edaaaaec5562635d9aaaaac788ac4a985c654dc66b75d25273a61168381aa9b5712bceaadd92c6457033e900e960a65b795d364d929a9f2e89ceea61f8a4ddf45d8cdc1abf0ccdb07fe3b7b47094fa2bb783bd420f04002b3283acdcd98f5524f2f129d13f709135dada324d6f54559bd83115531815637b88e3b6ed7c5f8ddf6bf31df6a5daba0d0d760da299b0b32eeaafbce3b6ed7c88ed73d2083edcd792fcb3f6af583be148ac68af32d0c97e69fa5dab1f78679dae78b8fe94ee8dc20d1c9d820f1faa169aab82a4ab4b1a8cf1efb0c85a0569ac2cf55662169aa916346329a7eb9e3decb221cbb5b2af30b84aededb00288bb97283e6258a74c73f0c9e4b74c9712de7130985c6a4f39e3e443e4439727b318223b209e5ac93c0835f68d9b9c833b294d5decc9f94fba087010900e984e6343af05f8b3f85da173a4b72777d54ad1e412a6fb520232a43b4b570b36a90b73f2160416ca77a17583152edecef29bc484e595769977ae1329a7b5a70a404cd1310d14db07e89f873544df88375567ac2f3a8c45bfa5b841f64e3816e10b60388a93c2b3b33c4d39576997b45c46534e2de6548c1886917e89ed12903d17e9fa40e906eaacf585a6aad35d8bcd572d048f42bb4b3e1cabb4c9ca32154ebf84d1909e283ad30013cfac18fbbbbd50735b3128b9c5a40927ba465d56009400188941b213c533d0c31e172edacf106b0ed6d776c87eeb0a2bed1be1d0797e832aecbd4aa95c46320e2b8dd1fcc2a4e79216e3a4bf30abce332a4c325c7fb224f3848198e857e4d9cfac96fba018cc319a9bffa617bd0a0d906b051a32aef223b252f123929f891ff000be3e2a35eecece3e2835ef67b74aaa2e15c2b8570ae12b84ae02b84ae02b80ae02b1615c057095c27e97095c27e950aa154cdb75efe5b2cd3314540a81708fa5c23e97037e902d6818e49b94669ddd1532435c93728cd3bac560ab921ae49b946e99ef9c937baaf74dd33df3921a775877434ee8653e72434ca0d3b8c561953ae4be32834cdd62ec325f1941a679d923941b7865df9277893f4c93a27c02aabdf5a6992744f87da69927eb01e2169a649fac066cb48cabf4c93b580c88db9c3fe94c200ecd3bf7e9923ae4c6c4f19ac56e9c0a37a8880815c53456f735840f4190769923931b1cef26e29a450292f557a5547764538a1380bd3c8bb4f06df2a4d2a5cd4cd6254963c94fa27613477893c95d2506aba32072272d7b929ecdf8491eaa6162a73a299e4a40c302b896f2ddc02aa01eabb6722ed32d736a5ce3eab03190382aaaa9c2b3d99ac4e1b4720ed32b4dac7bbc7b99ecbb5c83f489f079858c64549b8ae909f252475c83f489ca7ae74e41d13e1f54248e41d01e0b339d30197de0b865e15f301e42f9f220d7c125e00dd623c82c81d3c84c81d3c84cf22374f220d2234f20fc47e3c8274cd894f147a843aa9faa384d1406332a509dde559a33e8af3512a444d60203766502285097121a659d9b6a77aa6a97aa2b0a20712444567258d1480447540c778517a21e8a7949c1d13e417c4f8f983f589f20bf58047c82ed603c847580f200f220f220474f223b4ef6771df5b13e509b5a4c6f5c74b62414dcc2042fcb7473575b8952802686909311710243d613ddfb575d29fa2b8d94fd55e05ae03fb761e672ba2717daff6c1ad3cd5d727da7369832fdf9b84d76b64ebccff00d41d7a8022d3509baa7802415899633db76913dd7f4e2cc9c5a98e949ee6ef0567aab4d533dd061b03f86072579d54cbd49a2f066cfd94e38e13182379c6479c1ed6d6f26b9d296a9daa0d1cd3acdb5b283fda8936ad3f30b33da86eef3520f0ef55f09efb470c470f585216dec8d958dd25b2de45aacf54fb1b5ebbaee8add8eeb0b1f62b79f0c1ad6b9a1c4de3329b6bd6b2ea8227aab21ebb6fd227bab1b3385e657d5385a19b9309ea9fea55930d6b090ffea046048c55d1542ccce5cc270149c4dd388e49ccb49f672e707fb933129daa75b3a8da298b294ea6688e5c95a7b62c2d970abae5f08b1dc6ca185d6c9171a95680b809b54c5a87205e640628c9f2098e9fe250a693c8a7385094eb37d791836fb5c4b4495c68bac1c962af513acc898300d7b03e5d54cedba27ba6defd34537544246475537184b03aabceaa985298d7626d322a45d842ecf053064617678431335846a73a53a03c825180f220f217cc079086be2b4efc6b1fe57f2b9ae6b9fd2e7f4abfb2aaaaaaac2a21cb6396cd555557f11e6b9ec7f2bf9d9fe153f6dafe724d8d61cbe9502a0540a8a9fbafe573fb8f35cd735cd735ce1ce3fcafe614545454545cb6eaab9b678bd15151523555558d2027c97115c7fb2e20aa172540b85702e02b80ae12b84aa15454545454545454545454545454545454545454d9aaaaaaaaaaaaaecd151515153ff16dffc4002b10000201030303040203010101000000000001111021312041615171a130408191b1f050c1f1e160d1ffda0008010000013f2174734b776a2fc85fdf74bf3cf3a99f174679e2df8d7bc7d87fbf73c23c3fc28387bff279dfe2f73d1f99f8a2fdae0f347e49e63469cf81a4fcd1fd7faa3e54c1d8d85e11fa4e94dc7dff009fe43d9b0f67f83f04bff660f2e7843f6383f12b3cf1e2bc428d6f70ed62f1fd1bd24bc96c18a2f82d637bbc889e56c3198697e04c3ae2f36e626c90d10aee9e4ff10f4488f44e4279b178963a279b649960b6f1db7303c63ca3f91367825c3ab2a7993b353246c49dc5b6d7c40e26ed9914ec1615446913062ec3f1727c037562f2293fc4c8da5a36249592a3d0e5c62876731ad5b3d47c0890e4b7a96536df620bb4136a15a2c34d9b58ee4971489354ab87b1335b44a3b911761c8bb604771d2c9105a9a258e617a02153c2712a09540e51c6e826ef4d26d13f69c226dd12ba93eb3d6d5b9791b9671f00402f63e96d89766c25398b980420b10ea8e111eda434835ec1a03507d511eac7d5106c2225664321904172e5fd27a249673339c43bc49de2585c4c5ba82eb2b7d84eea37d0276c13f0a2eb1289d7234e5291919d90b618e5843a259c2540d0636fdc36ee1b7593eaa0f991a9326b49d499334b258cf1af1c4ecd0e3abba13eb11ea778dbad261c0711c148d52c49c3091bc4bde23ba62594989f73ba639c7d61b45e9676a988890dfa922592e8f53447a37ace892592ea4bad0e4390e4ac4c9743b0e2a4a9afb497a5723d4eeadf08fa4c86b66455e883c0af8af60fd9ba6d47a912f7249753905d7a13e872443a08b9c93a126c89f63bb48adb5edba569688a3557ef50f3a57a125bea0d777a99af59d5fb47aa3d75adb1e69f88cd563440f4bd0f4cfad1e84104695ad698d019b325e83d2e8e9147ec98f4ce87ecbc9a6e3176f51d1d1fa8f546a7e9af414f09ceaf329b8cbd67e96d45a9fa0f42a3d0fd7c68ddab747ad8fd1658ec4c31ee6c421ef02c213b87162661c98b914344ecb4dcc09657e4231aa52e325c7022b3188f92733ebe8baedec1af460f4afd2747e85934d8ced65109d0f0437da2775e4dd06417160cd42f3fd28d4edb81394eec8ca5c9f035c8249e351727bd89a4151fa6e3d1b69f02993d25ea7add1d3c11e729e08685fb1f14497b9ae794a2217dd318b24abec8d8747a9e98f5bc6af9f4c69436abf41e86404a03c1b437a2b694a6c15b8b6fe9456058eea8d4e055af178326589cba4112c6a3345e84fb1e738b54524c05563a35a58e8b2431d1763148f8a495f9ccb12c2b91ca64ccc1179706326a5b462e8c165b68892593fb8709a5d048dbd4fd960abcfdeb02a47a2c81e97a5ebbe9747ec7bebfc34c064efa9d910320624421d1aabf49d5d5e35bd3b7b3cdd89300f2acd9cc92d9da4c287b1c48e041c14c8e787c93b80445272239445ab3748ba9e690c94d25741b8e0976074b20e8393966302867504f9a6cce5108ec0477a3f965c2818cf7151d7d36845930b361920c144398849ee2a350f124889de9d249d53cb1d2268b66434e1929813209c934dd043cafacea7d64596fa1fb1d8ce8c3275bc6fe9d83453688cd9b796c4f21e3aa62181085e613c48ded053989f5cfc8a664268ade2dba7df80bbe52cc53574e29e105de31f818e375849d90bf01cc328ce8d778502fed5cb92344d4a2722b3b1266ca36cb09d4e0754b06841b88f0b6434c57bb98d8cea7643cc217424f861031bad1489a9a65ceec85245fa2d6fbaf0271558c48f89c3955650b70b24436e23679109a62987ea6884f20fadb4215bcdafbd3f20f090d18ad727ba4ca368846429351653c45843d93a35358760a5b74e9594fb327aac0688a47529e20675c2412e1e6ccb2ff007e1559e306c416f044e2266a735c8a1f63b1c83cd0e97d3a7ad1b6a7c05610b52955581c0f2f543bdc90a3b86f12aa5467bebf2298a91720419508b23284380a89e081aa7292b8f60ea49d33c22e4e4a9521b0369f6127e61a4ab864c74a617a67c8e60e724ce9717a08f1247f2198a4ec2a892768a712e7cd2f09b16a12fa136f3dc8fc5ff408ba6e564ba16a6cb034d3bd862493760d1498b8b9651d0b1c7d25474ad6e1b4406cd433cd0cdb42bac473d821a9ab231084d3a305b0369b531b94791ac82f7223ea5d0f288dcce27aeeefd310a888049d21a30ddad106138ec98cb52c6436de58c6db512320509a0e5fd8dcaedf63a401217732d3ee4a886b73fd426c1b91734e4638bacca1b6d610f8d86c782f5d87c8244dc6f732d096155ca194a9824e44d36125445b3c10af9708692112f04152df22ccc4ce8af690c321181184deb34661100ba1c12d44176096b9d85848d19fa91178664c3cf0f04f19a690a4928da49965eee4df2ceccb1358d03b0ebb3d12c50a896a77645eaf156878d0eae8f4ecdfa336f4a497d589c6058080b10d2ab85cba42370848f8a4304ad9185e8961f02aa425b9851d50d1031518da2463a3abd0eaf43d0fd4452876f56f6f2a2fc341522c4103116d0926077dc85475ca923a314896c4c8d3c1725f8b5d431cc6b2e31c88689113c4aec6b6099b0836af0ccc9d07ef7cc682a2151d199a131b1b9ba21ba658ec31e8747450d296ddc6a4dec28f94dc212890b2ef4fdee0e8c4a26d8638fa1fbc6796c46df1542d105aa28e32c9bd835616288791466e628d55d16bab663147bc863915d227ad96e9e2bf028af3b04326c589d1e87edd9e751bbbb0af454b8862208b8cbc9056a4a83503cd6c66c3228e8b4e30c48727007245fec49702963c8ddb564e04a5c21a6e959289a0577a0fd45a235641e5d33761682c1972c820688abb13b07622c434346236451904588d4e65bd8448cabbcb18e5e64e509769885494afa5d5fb17a7c21ddc885b854484aa8b9dcdc1411c87681d2d3622e3687563d723fe0bc4a2330a8989c193012744b8ac9d85d04863637b9211a1d58d0d5168757a5d58fd6697e878b459325508d9982ab7158686584868b0744e07131b0c5298c58dc09374d0ee5c79a11f250911de429125666937464d42a5cb1e49bd36124ecf4a19bbbed370d539d0a15899e8ed6c99a372b362527cfb7963ce4eb6445b682d03a5c7327c185674488130839f6b6f786c2ca330a8854218862cb18d960d3ec218cc872ec3b319e5a13a5135ec9bf97907912ad8585c1e5d1e795e22bad5f7c0b8bbe84a4f0679ea30a2553f24e6d921b1f772397518e6a2dcfc16e5e8fa88786dcfaf631a3ce532464a2204869514c8989d98a58d42b8eee47237072c4dcdc1dc68f290c8dc5bd0a9345a1c910d53cfa7ed51d8e6243e913996f219e3cf3547506f015a2f331aac89eeba9130d043ee6f5d3d84c93a9b00d66212a6c311890dc4542c2bcb68b4a2cb212536ccb19c030820c1798b4c66c489bd08e5322d04c4c751b9e7a33251961c132e2af145126c7da6b950b16b71c2187d770909166a1895759c0f349b4c9a2eff00619192260435944585ddb6edd8891da44ac89c9ad7ca2e98f5391ee3f457a7e08cc14952274129a2270cb124a6f81c3741992c0924bbb924c90f27fac7fb47fa23a418d70c6f50e2ef548b2fb470706cc936c77982d83f48371921b381b728fba0eca9a5d15052fddc03e9912c25854700915fea4e94dce04c487d1b862f4fc5198fb8e15315414b02cb4365498db1d22c431e64b963852063a37618f4ba3f41fb49d7b18952082098a1460709b8380dc225c8b79a0e6e02563a0f23571ba0f431e8747e83f76f00e1090b3479104485045c927c536dac6d4d8821372737c8ee3524c63c8f43d2f5411563f4daf57cc5a709d13d854043d8bdfb1792505db571a6db9bdb96b8c9874b5618fd07e93a3d2fd59d59fbd6c150b1459246776645b8cb18f52218a1272c51363ba1b210a58d44d1b1ad4b1d51b9d68e8fd17ee7f256c5160ae84848283b458da3a7b2a2df8095a539d8da449e1607f4229cee602dc40746da5d1d18e8f5b23dce6077f41e44c4c4cb67714364ab98772e61c0437b31ff00c172e3431d2c499512406e6636a1936d2c6602c3c0f53f7d5bfb16c12e04dd0b274160950311b5d693008cbca1ce484595ef23b0386db1395e01b99843eb8e41cb334d2a90194c064bff008a676616c7f9a3ff0087433ff97473ff00967f9c3ea3e887d1fd10fa322bf349f66d6a8cdf636a38a210db1366844e0e42f82d0d6e36c4ca862490bb827ec630d86cb56689961c0d1033697e87c10ba23811c0fa3fce3a9f5554e6c606e83a17b2f25d370b71114425b89db9a4dd49568635912dc9219c0aea494b26e6c3fd13b53246bc1b3a21a3308641a66aa06d560747eccf3f9d3719510d999c8d71b3443b8cad62072b0c70fb8d32e45ca0eda1114448aee0b8b49b0d10cee3327241040f42a4924d249f663e1b373719510f23dcb0909d0d94d86a0671630eec84ae3bae46e1125d9191be942129cb19bc87cd6075925161d6e4924934831f67b2f08dc582e6bb536219d0d8931e4a5ba0fa792cd645c864c5879b6056591b3613e86a8a39084b933aa477a4901ba4d22b2267e27b4afec66bb1227a0b822cd4158cda791ad8c32eb0c9fba3771b8a3c50ead68c08bb584da1fa0e28810208d17926e66ecf69989f80bc88b40845b984c931b4cec239c13c0aef10370586ad92583c16a891c6e21e05b0d797e8c114486e4c951d87611c09f43d93d9464aca92343a278129861b123625b45b71a5d8705037d0a1dd555d884268762d5148a4115504373b48742cc90e425d10af81ec9afeca7e732d551099b48db925de072896110e323ee5c77625a2214826dec34aec69af4208d1144103a0ec27244663d978aaa67a2b8a88dc9b0dec4f24aea3206e36a4b9815ac27d14744256a5b124886c1b36397b10c631934c843c63e8121b0f851dc42082d558fa8d6fd36f0510e7ef44492265a46ba515c806ee48d9171c1d02c2ec29e4830b24084a371c0cca046cca171381259459b0f8d11a089e0661f4a24452192e942fb1ccf3698be4f3a8a8882116a48ba06761870361e4e82b091911eca2704fa8824588e4b89c3a09165894e2e3b6ba1f52a2492696ab647d90f26984f2289d5226415c9b136151a431bb62e2c0f2aabd49225d4921b981bbd84ca8e29226493524bfbdd391b0fd54fd9dc79771510a9d8344450b048c6cb2b1b0af0411448685225d08d0404a422084422c4068341a1891e591d98a6498cb28770bf674a1fa995c847edf26f49a2744c92ccb516937c1031a18f75de9144321af4127438079622ce118a46ab74a58823404a09751b63a27db36f62d3df531f869c098992263babb184d47347491e40d8a8bbd1b487796059287a2f8bf2183e0627ee1ef1442a1692c774b54104114496e45ab112342fdd36f62f3df53144eb9aac89863648dd3c9a24340f1f55904da3b8b424464642ee424c216c368e76b0e736c9b22f176e46ee966d6e09075117b3e4504ae840f28f7f4208d0a8495f336f60cf21d163e344924d138264826e36364b25f42781bec552f68372dc25d77720deaa3e46f485042c397c8c809c06b64d82f05d12948b6076bbcb837893c0b89bb2f262d5488d762c449312d72f638b1d3fa7f5ea3b8d9248e46847c8952a7723b4868b282e685d0c5f09d8cd08b2591ba3c21ce01ac9d9708cd324e1646b98518136b0eb81f918b132c792452dbf92491074224c961c51d5b62b7d81fb07867157faf8d52493491e47633a16464cb22e5691fb01bba271644ddc6b41ae83accc907f4234544322623b5c44e17ea351177ee5d385912f682e5cb1c275d8dc0fb88b334b2a8f10392d205dd18a56e58e618958865e380dc03cbefec3cc1b5337eed59a4d6493248c6c5c9d862991cb80d532b4c8d2c69930c770ae3c06545197bb2762587ec4c6bb4493650580c89113795b8ec7b0b3bc121f6524bf6f231658fc1d86732758f4371429e73f59d2def878a67f9febd1924ee3a6f462c068d5ae5791b991054dab968321416b740dcbb55ad9a647026701ab9305e85c9344a21e09cc486d510d6c96fea2235116406d752c572f60f1dc0e987cbd19a4924d26d4501e4889c8937c1064334ee4d13be9c8506362bb14c7689225ae66e0535c94813e01ecec332ec8445c2fbb078a6e4342c8a90c63cd3d8697f2f616d22ca3f7f9f4649a3ae48831890c372ed61ae3798c8892ed4a8e9230993c8e5b8f1243511f923233890c21a5c0a6c1b492b163b584aed23b81386c62b9e4fb0f14660ee63fadfd344d5219303cba9e866faf087814e46f6a34c79092c13ee2c1389d82079109df24103fd9ec1a297906727d492686e8e8abb7a0ecd09c721400e8124e03a643833428644971ee2327a7b69f250cf306fc3d25592491d1e8664cab61a2848f4d4844899a922886f5a49354da762edd13c08d8b168327ec1bc559fd3f8f62c7a25bcba3e17a1c099c8c91635a7038cd249a3cbf618fb466331f75f8f62f4cdbd3db540948d3434a884d439d0f2fd83d3fe3661effd7af34d9e849bc09b34935e8cf82b2f154a4c3b1dde875f60d6e8c9f66798fd8bc3d09d194492a2f49570b9f4bafb06b1cba65dc36f77aa7d19a6d5449128708a99dc7e94688f537aa1a2dd7a99a77aace3bfafc081a84f42224dc4f5a73e9efec3c06332662f9fcfa73a50f7ac52f4781fa6a8f4be356fec3128c9fc7e4c976f6841088d3296b9a4924d26b24924924faf8a61539be0cfd037f653fc3bf84c9bfba325d9ad7b34a2efe3f87bfb0a66ee7e0547eca743297a124c526f040f7dca6d87637d8251db422c8822c22f3d2215e4491b29c51244673260c31252663301a870d3621ee9342a9767d4767302e82a4a4a2c98e392394b910c144c741237294dba8ab2a253da4a78746f153377febdcea685b22012d38441186db6a6469cd7111b7705c1392050adb0d26de5d25eb70e07a8b928b170c96f39641c613e6ce91cd5ac90ea873865327d942592250ab3de3d4caf11ed162cca13abcfddfe2b27d19f63b7a93edf38b037d94fef3cc37d2a8eafdc3f79e21890d20463f9fe8f307a57b07fc4e7117339d3f4773cef45ff000ab4bbd17a56aa5ddf107edee647ae7d57a9fbb5e960bbd2e6f2a63dabf3ed1ff19f9863bb77a2b25d97f7a646c9acd2491ba4924e89a4d27d29acfb9f34787daab0f8fc336f4e4648d9359249249274492493492744d6744e89b7af7158de46d4fd7d689abacda36249a49249344924e89249acd274c924d27dbff51a1dc8da8f2f9fc6a9d09d031750cbb70aec72d0d34d6cc8c07c891141faa4394e1a698d9e72c1249222486dbc2541d1227323c90c2a224c224cdacd6688b9acaeb473526d29c902012c4889254d4a91f650493512121cb2125304d7e2ba66aba61b1d4916dd09e24604f67d467db8892da8a4b66c624495c39cd1d114f97833a04320d4d4a848b8d25922274b92faea9f11a1fc89a63d8ffa275c8f02493224a4b44984753c48f246b3c86c42c436eb23e258590a3b1dc742031780d7be5deaf924d03bd9974cb7b951154b047c88c79f1d90340bb2fc73d697ad386dc8584b0b31e04ab6cea02f147031778c1024491d099867f1a1afb645898615d47f4776ec34338961221285d23ef491fc076b7856ee60c16941d8be88718da0f2fa3464b089a1e1acc9eaddd87acfeed534918a56a16ba448021ddb178b23322791726cc3b702c1752658efb2ba0b265269c8b6f52ea2ea6770c5b18955562904f531c4a5ccf48c7426d3e81d99d7ea79f20a96c7265da6f008df2bf61e46ab2dc955d96b131361924970a4348599dbaa4a184cdd49cc4826eccd2c566b9c22d2376dc7b324b0faa42c75e45d8ca46385c843b6928355c441009e220e92b4953744a4211097443f3e15c3a33a0630ab0a8c2585a944c65f0922ba21edfbdfd0631348ac886c2042d112488b63c34b8d131d17e685880ccc96dc62190d618dfd215c6e5cbaabb88dd1f5f4544a6579b9684d7918686db36ddd9bb2f98da9953b8c81aed5ff00409f789b26293ce327eefa1e9318ff00963f0e9e4197e3d0747fcb367b8f77754f38fe8d334753f651fc2b1f6557f4d2753a3fe59a53ee352622c5eebf1a5d18c7fc3c1c0ce61c07113e3ecef5f677a3bbc1f2fa23c9fa49fa490e88ecf04216da39760e23e0777e847fd23f58a27c85f37d8767ff000c7c1f4700ed1dca83b91dc3b91dc8ee4770ee477a3bd1dea97e907e907731dcfe8ee7f47e9143e4439fb23cfda3a823a44742fb21745f643a221b25f443a513b3c1fab23f762ffad13cf9257512baf927a97927a97d13d5e0fd208f27cfecec7f676a3b513e8a87312fa934c037dd44cd29c3102fedf44fa03ff3d359ff00d8edfdb1fecc7030d3a07cfecf9fd90ff47e927ed243fd1fa49fa49f3fb3f693b5fd9f2fb3b18ec63b7c9fa49fa49da3b4768edfa1dabe89f45f44f8fa390e53959cc3987212fa93ede6d24c0ee3f498ff008a87d0e41ca24de21709da17442eb3c83be256c70c48445f96b80f681f403da77c0fab8ffde357ff0043f631f5c405ff00023dcfacff008d1abff91cafa399f4733e8e67d1c8fa391f4733e8e47d1ccfa39df4728e79cd392724e59cf39755b851da3b47223847009f4fd13ff244f34e51cac8ba9dff00b38fc88cba7382718e210ba523d358f49ffe119ff34cfd637ff807a1bfe56fe9bffc223d15e9823f9a7a33fe7db1e8cfff0000f4279a3fe758c61c61ba493fc0a27d8fffda000c03000001110211000010b6d21e718e202b3ffd986580494f38d38aac8aa9bc869250f23d2b5518e71ca5b5f7c84c9b49b4b20930aa09144014574040a6708c5517fdf6994cb46e5e346752f264af6434ae244f49ae0a26f9a00a64e09d560a67b2a0c0792ca53820c3827a1a435426cbd95cc1ccb7cb7824a091c734c21c29b54c186072eb4344a985f6327ccbc91331bf9b3570a65f92dc4328f1c72c638f14a01dd98b29114e2ca198ff0080171570c8b4eb47c12180450c2110073efb92cbd9d5d34a9a5ce76d1ffad228e08e728b0050c73c4af5975aee0d17d6526b28e2aab5f367124266bd66910421414a34031082a83559e3023a2829c7e8b67a754977b6833c5000240b8c2921484f64d250d1d1a29c72d740f3b2e0cc0c000834300a58c0c434de6a280ac39a81ed04dd95bc805f7998456c14135362cd340b062af6062079270e5d05a9130fd008049ef4fb37def6027c4b04f4613a7ae8ae1b66b27ca0ce38564cbbac53158be5a804c3bb81ce74eb8efa20be838fe3da3cc2649c6165095d76f42c0e799c30bab4e2efbaaa078fbfd5ad1511e5d0d449f118613751173b4405d3e5a262e68c4b7fc21efa7b04c231f78c59a48e57d6efbc73d80a3ae6eed0a73aa55c5c6a6084d0077ca4960104dc4d0915ac4a248aef3b9a700780c06831a41f3c5a9f65455ef82300c7af8d86eabfe7bdc4ac0bf2f110f8b5445266345575cf8238e958244be0aee143ca3884192e3cfa633d28bfbe51bf1ae9278eb42b9b3429510097a728d58f0af8af6b0e0100c8082f9ddb1c044885936888504572838f514300af7cbfccc20e8ce6d001e210d4c8403adeb0a080282997586e5afcdfc9c005e24e0c6285340df828406bd6c14a3dc47ec7a432e344c098d464f0a48e249711f8d3cf0e8d76280937b9b94a7c6ea15755ea3436d40483c320476526d0843b204ded052ae70e08812a33d98fc245768f944192d0f4e298722d6b0259c7fe31449a5340b0cce7ead511578a20bc1f5271ebba8d7d8b9032e7e2490ca484b67769e80161ea409fcdc6ed3ad9b7e7f7b76c5c97879926a82cc9efa300facdbfeff471565b2d9b1f70a377b8230cedae48872eefa7cc1e28afcd7040ed2f8e39b6f24a91c3f75a0c872f8bc75d22cbe4cd75224352cbea8b68867923a591f035f4a1e360aa5d066fb16603399455cc00a51efbed06db319751d208e68ab7d7dffe3ed90053c56eb01c20306b8400803573a180123e0fdda605b6961620256c50299241093288c60278b09f5018e6305f7dd99c7316bc08708f39de9c2c600d34113d4201783c33368b911e859fc699c11c40f688c31beb24e3c8272ef54ffbc55b1bee2a008e2195fb7df7588089238080c30800da6cf15230e570c30e6fcba20f0e95bf73924ab8f14a0ce20038a18cc5b08b79acf8f79cff00fbcffcfbd3fb1ad9eebcb3cb2c828c7cfcded4e44bb77a413eff0034fba8837f8ceb64d58c0c928e99565816abe1b34bc20f13446127a74456d86124de7cc1df44bf5a710111d7d9b1b61ad5d866fa7dcedf71361675442dacf0e2eefad958059438758000065ddd6d7fdefa6c85abd052c8e03c0fff00fd44a206b3698278035960997d48e9b2428ebe442f9a8ba2cbdbc15b84dac6592f0085d20115e9b27aadae424d1a68a5aafa368fddb85dea26d0161c1f35bfef814e2ffb6f8fe0cf9ae9238a9862d56fb3c3e6854be7bd5d1536aecb70a25ea86ef1cb3089679c8be19a22a98ab2ede2c9a5aedaa7963aa737ec4e0c02a8d9d607f26686990fbc9a1ff3fbcee7e70c321b0172ca4e0d162b26ae1be48a0befa64bfcc39ae090dae28ae3ebd2b106340324b61aa7ae2865a298e2832822beb8003face0826218b21884b0aa60968026b6fbafbe13f9220bc90849a88b2874292d036fa9415b061d75075d6500d565bef350250b671e212cdf4defec8efe2c66b71d99eb375d0cfb21429b63c87cdf81666b9e1aa0d12894ade8c4ae9d3396182dbefaea8e8820c21a6fbf4de9a75d46988fb99a59209eda6e8a496fb6fae09228209eb8b402b833eaa2ac4b29a09ab9ea8adaa4928ba592dae0820be78febeab2c6a4b5b1ebb6d9bebe59e2b628ec8208a8a5b2a2badf1bb22898fc3f9096baae8790eebe28eda2cb30ba0124501ce6f3ffc40020110003000203010101010100000000000000011110302021314041615150ffda0008010211013f105c91f9867e8fd3c3e37862294a52dc5294af0fd3e9b9acec8ca28b25cdfa1602ca17f024cc7f43fb15714ffac4bfe8a712454470b4597c8904090a2e08208c6ca20a21c221e85e7cf4a5142713e31fe703f373f927e6c7a965e873f9b610841ae0b4b163dcfcdb4a2122e1ee6ee3f3e05863e5747b8fcff83e837d729ca612e88320c4a9098412ae629e60b3e9c53451a16188621778f185d1feb264235c3d87c5e8a5294a52898c4e6297a13874747e4267d07ba13136b7867a0f7af4787b9f83f47b933cc5e87cd3e6fc1fa3f8a6ef07efc1062cb12e2b9783f47c1685c4b0f0ba1eaf0cfd1ae0b8be1717171714b8ba3db0fea85e3e821e5707c1fcbec21e87b6ebf717a3d0d10d914514560f41faa7a7d45e8f4da26209c6921cfccdc5163d69f517a3cde578822e27258f5a58a1bd283c2439394c76767ae3788b5a090eea5052ea1686321084b8c9110444144210426916863cbc52884d150da2944d1d179cccb4a210841948443a28b1b09c5045a9e50b4ac24244e03504cb8a7b835a7f22d2b160878586b242104841f2987f05a5669714582e08241618f1385c7a42d29c17624e4bbc8d88228c6fbd1e85a509c1bbc16295e15c06c7a4fcd8d6566f26f45c5f9a566f0bf17f9a96f7a18fe6d9b1f179f53f355294a5cd294a5294ba7d8fcdb363173f41f9b7a3a14c757151d1d0e658b8b433d07e7c8b5a5467b0fcfbd63d0fe09f031fbb8fe283f39a7383cce3310824359996e8fd1f178631610f0865e84219d6162e194584354f617bc94b9bc2ecbcfcb17a7af8dedf617b94fa21084210f41151561d1d1d1d1d67a3a3ac7453a2e294a5294a5294a5c236a607fe47f03f91fc8a2323232328a232328a2cb2f3159abce8c922c147364e309f23d0dfd4b43e57eb63fa970a5fa2f2ffc4002111000300020203010101010000000000000001111031203021404161505171ffda0008010111013f10597d3bf2bdfdc4e532bd2a8a8a882082bb47e67e47e67e27e3c751affa3fd8dbfdc0cdff00990f851308486a37f886f931af30a2f97679068a28a23c945674b83c8b95cccdc3de67a9088824918b3f62e7fbfc27efa53d0fef6f8cf8cbeed02dff000750b7dac43c5177af88b7fc1d795c7dc328b170f0de114a5cdebd66d8fb8fbc10f6310d087d4c43e7a05df084e883e48d5e92f7a340bbd8bd05b34e65d13d2d85afe0b642d0bb188785c6f5ea3e0bb188785c9756ac2d707e8cebd0317f0358c5c1e57b3ac7ae27ee6a1e8d383ca12b1210410412493fe9ff0079bfe8f0c22af4e81f411b09c2e5afc13747fa660d10689d52f81a0b338ed9b82a585c1667509e03d0ba1a32e52bc0b5785294a545443eb25d3a51c4ab9a2652e3c1069973ab62e84e666db19260ddf03937d248c20f0f45ca5d14f05141b44090c7fe0afd11fd2061a6411f4ecea3e5789a372858d191ab1b7c28be6882790fa5863706f16158275138a613e94f2fa8b468f2121434c6213e090a5ea7d8fa58986a89781ac186f8a2d616b29f916ba346317428f89ac36461254cd8a262d746c1efa8e84a71834309468f238131a746d1efacd8b9342596410ba77be9789c67284c2e9defa5fa0b8acea2f9e9787d1792e8d47de96884210842108f2423213a741f7f83a4fbd8f679a3a793e1e4f2791d3c8af5eb16c7d938befd06dfc236fe07d13c1b765f516c5a36e8bc294be96c8f9ccfd3bcd7c0f9d49eb4340ff82d63e4be8d2a2a2a294b8510d6328991e454f2793c9e4f2793c9e4f24646464646427013084265086f0aff0053f53f73f43f620a8a88208208208248e205249046365e62cacacaca88a5f710bdcbc57aa43e6b8410b0bd49c58859585e941709c19fffc40029100100020202010304020301010000000001001121311041512061718191a1b1c1f0d1e1f13040ffda0008010000013f10381065afa44b76da9f687f11e2f07eb1ff004fa987cdfd33fb1ef32f85fcc183dbfa997c37e6650729229f8fea055bfbc43f75fa27e6a2b3ef111e8c9f84fe60fec7698ff6733f08fd7073f0372ac9551cc58adc794cc6f9ee5c6244e7de5cbe5e1f4572cb9719a7351fd221afe6a669e47e2320f0bf827ee7f1312f2df860faa8fe63b1f6667fd3a831ff006b82dbdc8126649b5fdfa988f8fd441f7d370308f2a2037f0ff99fdc794fefbccfc73f4718f18e2e3122477cb1f45f0c66a2e25e23e85971f45c5e2fd0c65cb8be8bc661edfa4fa938fb05fd4cc6585fe5461065f01f881fbdfc4ca758ad56c301ab444529e9a85c9d557d2210a5f61a2390a0a328710fd8ca50f604520829f25220a59fc10e00a607bb700a3ee0620c28175f1c8dc1e2a5463123be6bd4c58f293bf43cf52e2cb97165f2a2f362a35faa5c2380fd4a228cef6a8b0dc9eecc1e0f7e59654201fa952cd227e25cc865f6608ec9b2771c00a2f71b94acdb0d300c14010b077896ce020765c23000b1e60a8e936ca02f028372c41340e83040dadaa7baaa644b50f646bd4f1ff5897368307318c631f331197c32e3197e58c63cbc3c771e3af53065c4b8f08986f15690400068947898cfa77e032c4a5f721152222f8f989b2b6b1f15b8ae32d77e2abfccf6240ea9dc1dc641c6fcc7401cdd623859159ee2e08c826bcc6b7e031ac40e02c0e8e88da69dce6cb85302ecf1729b6d6fd8ee26bf4ad05dbeaa8f60fe2251e5407c43da96788fb73e28fb530e8b81ec4dd723b443b04ac1e4435b01361f482eec3e276120dd483b12031f7a0ae3ef4ea7de9ed3ef28f72c97c1b8b35c2cb9771ae08a3c3e8c40307bd905212f91dc389763e6298b1529dcc056d6fccc20c2afda05403da53c6a14d5111d97d621bfbf1d83fac4bfc9365f7a6f65d1196d9e20bbc6f101ea1b20659052047c4cf6996f0cb04af065535136a94bd32bd99999a84f33ae3eb30ee398fb70f840b4b02ff340c3f74358beb351073b42ec09ae88c7f031cc1b0a4fe549a786e4fd62345facb9d929062c78be10764d2889f49db0065a964ad4b7dc73145ea14d48ae684f148fdafbc5b35bef365f7635ca3f31ff00651bed2fcc07b7de51dc6cdccdc1b3b8c57e279d20dd90f6a177550e809ef13431192d7895e245304106770464bb0119223827908f9b2f7e1e674044f493a644dda53794a3b4a4c532d429444a7da6a765accfd22b2a70bf79a41f59acfbf3572b37ed3840766ef86235a79d0fc44b779b052d3b7ef2a3b3ef9788eec8c74e6e274a146d8376c7cccb7cc49dc6f6ef81b9b9440b630ea3b8c630835364b188458da2be596f9972de59ef336650a768ddb94768f99c4f7ee7c701e8659d383cca14456e0fd9982d4c58854d7e62b82c8f5b23b50fac7a918eca221dd81c497161f48afe9352ea26f5c85bc1d75dc2789afe258f97916661163178ba8e631626224c22c583c1a8cce63c39e1d7179e352dd4ae0ad543a46b8752bd1bde2cea28bda2e53a529d396b325bb189f460bfc32c76227c93b51f6999d66cc7d83e228f495080a387f631b82fe963fde5fa151986e26e22c0d4b25a26651133186254a950238e3ae1d40c4aa8cacc4cb353702393848189512e56254a6570a9b088531944a979ee28973cfa2fe20df70d27f79ee88198639a3e31295f681bfc4c6df78172a554061ef19b95c7598b13b8e6088ca9d895518144732a1a952b8633b8f719a971d4df26ea0371944a26d352e533670e9950971712e6b875efc3588d4a95c3a94fb86775d402aa0caaa06667f110350cb2b80a632d6151208c597c13cc4a84be038f4318e22cbcf159e0dd461c1c0d4c32aa1b885b110b3158f110a94566315a8b39d45a63c6612ee2ac32b33ed019551ed3735bcc6a6c9ba9d6f1736c313a9544a95c98152ae254ca30448c257a1dca9519ae18cbc47866a12e6506aa54712e62ef834e60d2b17c4470cee1b8e587a6a1716bab812a37c2a29dcc1a7b4570540a78ab954c49dc46207cc25170625306a2411b9b8832aa1df2cbe18224a891a2398652a99b6a2535b8c0c438b8625f1d4a8c75371089573f08e109d71dcae0b5af30884d6c8a9e26a5f0c541e5b36c1fa438fc12a7d210951aa8826a38232a547c4483118c6267861a6112216f32e651dc5c45cc63070b2a38677f3120ba86fe91235c7ba7ea6d2f153a88ee06a05112117a9f49f4e1a9ed30ed7d151d0fbbc6afdc9d0e80973440c5c0e02445623195efc54a66470b89644c44adca81b851c6901133a19cc3173681a80dcb617b80158191698a07967bcc25a237f7263895a07b401800059b98828b4f696ab485cfdb2181cc02ae6e06637f4632a31aa973d9357372f835aef87d493e9173cacb0fe78fce9bbe20ca7850dc4268951958e6f12d3acc39992337095c12f240259e65e188ea809f55fcb18a571a265324b3a11a529a1f797805374ee05bbcc16ac42dbac45a5cdcbed8afcc4aa08b0429dee0d67a378949154ba80cc7131a8c2773a8ea33cdf23999b11f6e1c32e3a33537df1599f0b95cd44d7eee3f226efa409dca898952a2420cc70d4ac4ac70b6e676891232b8b61ae322699fdcf9661fd8ccb8bfb1dc6dac003a616355fbca79868b76d41fdfee26188a69d064cc66c515cc1313da2a71a9be0989d714f265e20e19dcb65ac1cb6cb8e61820cb8ef5cd70acbdf2a0cdf7fe21bf61852999df06b8271920596ee554c1b8332a0dc48c5abe6a26e693ae105a888280a55e610c24358951d42d01ee4a44e1bc6a0d5386016b09af7c4a869317d674c710ca95f78bb47cc92b217574aea6d2f6c29996a02d623a08c60b95b8c4c462623ed0d4b525e1dfa0254ac4254463cb3ed3f971bffbd4b53b6e0cea6a5cb96b35015c397b4aa26189f12983c412ad96ba895c5372a0ccda5622a2ee9ba9d320a219e402a64cb22a94c06d233f0a8b86ce0dc4c7c4ec62a610114dd89948f8037b81e046374986ff0021242d007895dc70f283f88c6dd4bb9752eda8f72e0cc5f4b7d6a55b51026a2fd38b97e7966e69f884868fcb093554ae02e386512382a076c48e92510232b30e5f6e0aa34fa6972ab819970b0a632e39943e25be65c5cf00bc1995e854a6388cabe19508db35cf5028c8e2a57a3f198ce87960b7f74ea7503113c4a568858163e20c11a1a80a7245b954155069880b88d91cac32b18e1c4605b132c65512e6d73af7845516751363a8db031ef2b3ca3c1d5c33c31a8ea7bf1518eb108fa1d4dcbaef8a95c3fa6653c438fe61fbac1819fa40968f98190576964a736ed854d77fd8cbddcc3f8e5f65cc88a6a33b68ed4dad00ae25898254dd41d186075e6553273e50ba907ba0824703a87e283eb8f9197fc408a5808e221b59766c23c081b007bc142c0b7ddee2528c15e38d44fd669e3b9a8182201e5940622ee03314fd40ab8c3c88387d2b4b0b61cf0a19471c6abad6603358b751440cdf17659144111a47a96029ab1ee1f4f687b30da8682d61d83f5c40507d71c60b012c7092f1cb372ab370f89e78cfa133ca82f30691d8f80e3fbbe62bf9a10dc3b192ff00517a3ee08e6007eccc89217e6256fa9015f1faa200c185d7f3850973dffca5b6a14fb7b476192d78f68283ddfa8259534ff34587dbf8ceefb9ee8e99c300ec0c07b461a2647bd432199e4bea52f9c8e31fe86494458107c89dfc96f2750d72bb3b5a461f345ed771d4608a2549f240afeffd4274805ebcaa2079d90a14b1b949f133c3e7207173755f13b7984a67bb8cc37cb3b807a205a5b0fd108e7657d07c43eb76516aae628822c165f71284efd149c7b499326025706147529970a1579abda2e30a29632c12ab505789ef186d51b7d3f76277608d102bb3b40eae772f9a951fdd3f50cb312eebf99dbf30c702fa3fa412006973f021e3b42a27f1a2fe87501813c23fb817f33fb0f111fa4b23dab01bddf986cfe70a9d43f3104b17fa3198d930bc81141b0a7e205d06d6a252ed6994982270cd1ed9e060f9449a9fd2c8035c23c884ab84369f898800aceed82bfefea3307fef643b94a26a9a8240d079a9df50298820d235fb92b0cea5f482e5b0f9083fa7dcc99a163b3d7f2c2f77514b6adee354ae88b3d7f9c945402c3c764771dccfbdfc0c35ecfed953b86bc787bdcf08a0e2c86ee02abc33372bd2ae209dddd1fb974ca3051970f5c9f3091a3c8eaa0b2013014853f32bc6401f134f0dad0976d0fc442996a19ca0af39828fb756b8f320387491c63321bd434a112c20ada711324111f2817b4274830b780eaf6fccfbbb5834c565e9a264a477c51afc47116583cc0cd580f423657b9d92a01788172e2b52130625ca0436f191173af42eba12a16df0de25482bc3b8de8d417dc503954345471374dd7cfc4117b4cee9c11815806f3cb88851962425a7cf44dc55fdfcc536a01feb665465cd8b0f839598e20665301510754859a771968167e463718bf76fe18287fbdb3b894e7714528cda622a8f181bf9857d8d6e7c4cfa55a9b0992fb1fccc9ccd459860f30531a2a6c594970b96c2a04e81867d44c5530c308fbb18b45f766f0ea486860ee6083c065234315c5c6b1c90819140604a2553568411ac364a70458dc356a3b64b43ccc0f653b82a1e81d90c012952e51504291b5c6210560a850b562d371ea26cb20ea1774b9453329dc22915de9e761dc10ce06c06888cb4f3b863d143e2d8c518162b6ac26c125de895e498acb02da2da57a9a7f00a03ba9f3fb412917620b2dd7984769052e0bc4bc5476c6b82e0b965f996108b14e41caab18f04594db7f31ac1adb0dee2523b130ca354896f5bf533caed36cc0fd8fe60844bbea10dc6e02e59a33052f44c961c4af111196b54cd0cc2469b0ee044b522661206238c7a0be033195d4a312ee6b73ae52d8e23b9b3cc63c1820c70f0e25e38623f644578310fce2668df54554c0896622c4f1711319ddf98c01b9bf6f352da114050780f4918efe64371e3e41fa60c170083c08384a300444499b7c7046bc4c3a98988997997b60bbcc2d9aa829f9825d12d799e6554a53e61a63701af9823df0a5e25f0aa5c7399df005e17151b9a3de5f1f58dd427e3dfc4c9043852ae3be1e2a05e08e167d7d0b1fb87ece37becfd4f7302e07032d47518986e29819828c29b9ee6896bd4c60325d4a22958539a4c58dc4cc598f0ae16b718eccba890154077018a79e9b13fac8a38b93923c055230ba1c005d1dc4df1561894d70a37092ac07c2f931c459788fa7af4d66271848953316e752fe61cba62fec7737340f07f10e0173c61a7803a8e2502e5888a98364105d4db1652cea6040256dd4c1c3088b1d47857160ae0289da2e4c03e3ccbb97c577b8f10a382a9aa470c58faac280b77d459d8e1af4ad9c34c63b891e3119df3d4b25c5b71cdc75cb866e5fa3218adfcfeee0eff00d6a1410230a885b989d4b7e932252919860b48320c771b3c10aeab6c343107288d402b8ccb61a972532c67cc73945b579957286399a9bc48c5e5da7da098e51f1054f2014cf39d5f6a9be247125c22677719914e27798b6c516a5db1e00547b8c2688314a0aaf3352ef8331b847512531972f838187e21b7f2bf70231fd9a2514b6e5d86a1c3cdc430e1f130946dd46d6941165bb1770d7cc44c130c2d7044c348a1697d4eccda01662e0cdb866d744ec98a4203960930f0bc353e519ef2b0215eea10015741094c4e05e25707814f765d118ea39231ea36f2a9611cc0a21178d8c142673328ea3b891a4657bc61c3fb0ccfccac37353c2fd12f72aa784accaa2cb0b63b8e588a704a90995a2335a5c401aa8aafccb14c00f798a966088adc71826f28fcca0894b8d111b59b624ac4b70cf28565be5331128fa07d208fa5193c305a51f12e21298acc4ea56654ea0b275c652a6b875c5cdf09a8f046312e3960ea57a1527ba253b2c19b991f67f88312ae37588f0b09d6e3d4aa2ea3696b12f932788da5804ed0b4753348b387445b2fbca1141a3e26f645abb9d8937f6986a2b6dc5c71b9a25e38778b88c6337c198c4c4611384c5fa2a6887a76c71be18c6572dfaffd4aa8aa98bf2ff1c0c6a5b1d5f98b4836bdc32445bb814335b60a445eba446259565e658ab110a18964ebe62544b6e284ca37d4d99dc341880b2a9df0a958654ef1257a0902693a624d311592a3a8188e23ae2bd4348c7b908acb7d5f93fd40c4d589d7d67f70351208aea2d24c426253b99aced8839f897169798c6667975156fa18af6129222550e221a84f92ad5dc674e086a58f87dab4cc40141ea2c3da228450694b8c4a493c337ea1948a56e55ba218ab80a11a1891282d818d360d5bafcca2161554adea559cee85053addec85eb0aa562b226aa529ef3a05fb128d24b137f426046f580983b2ad8102ebe65615dc238558e01e57a8b3bc2b355f8bd434a825dd82ecf68e2663a8eb13a97e8d4be171e8bf43b5fd2a1a10fde82bfbf70328710e5fc41513557b8b054b1f98430b89a874b19c5c78ab8624ae3c266c6a6d4cdf7a9729808483ec971fcfe865b3195301708402bf64bfb88bd1a8f84fce7ea0fb1fdc4b49a7ee3c5f1f87ee358a7720c074f94abee7ed19b5fd6c8b175fc12a00d100f6f572d0edcac5f6c449909c8b54d477fea13c62c6c348d515c74fb862967953c7198e675171199e1952b31ae538a893e1e875fdcc4bd4cbe69f42ff99960c7bcc2501109a816e35283e23d37f887676b0d878ee6515c212ba3507d12ba5c46d80045fe46c9d890807cca7b1fc0c66051659570084b4d67319a2e91e9e05fc8fd41f6bfb857dd19f8afdcb96d0a0b1a2fe2ca19b6d47922ccfee7c92bfd8d43335be77d2a01356beecc9168c4a482295edd0f786c315d2becc57d173b6dfbf8e1d72f151631df3d70b7182bcfa304f747a9f9b315effcb3a4ee950a60a18978561507ccb0619a8b46e960dc0adc4980d0aaae6e07100cea219305441adc0c2c316b17310c9988e682821365728d54774e00552ca47b1be51fc4a41b3f6a2efda390321d3887fb510baa6066377508524356dc027f1c1f31075dd590b22505a51988d406c4a48fc2e95d649899842fa955bc32b7411ecbd32c90c46695dc7a840721b973ea091489b347506fa129ba4c4bb0588efc466485fc42a6d1d7175c38e122416c77cf72b8bf9f42af93c2cfcf0a27dc3f2c1825d00108164ea61dd153637532642a6d052ee5ea995c12848aa4a1c5ccd5d4614262eca51ed1251e7128a172d865af135689d130e8c7946a6fefe35a1f732d4adb7bb9ab8484f450119208aa91c8bd4f7f787d081411b40c261981a1f72a326b6f6d430acdb06d87d01e111b116255660b7881461d1613011f786e1b5789be225c638654b52553ed1ecb6b01ee4f65db13e7cc5f2cbb8f153ae33c899892f32f849995e8d1309aead767f3c0ccd21ef1cf7110cb00603a95300181dc0ba163897a7b6e01da0752c0de7c45816ac980409958cb3d2e26e6fda053aa665704d59d5cb2328aa54adc5ea6e6918b118ee39950c3c3170dcd90957c55f35cd4b8cb733b8fb45c46313a9dca8abe03f713b82fe68d5f3642f54d1c18bcb5315331d78086e27e91d2b7312dae2629de223f8444b82a88ac60cc298b1552834a42b6bfa4ab4c32ac112ea69130e63a8ee1ccc25e23960d45d478771256e6a12aa30fa995cd91cc630ccb97bf0c6353b94ca9d4ef875ee21f9e14013f27ea526094b128a98e1b8cb5dc22af310cde996e99620985389651aabcc6cb834bb216e52e5750c0a1be046dba814add414351b8f999d3b8aac7a8eae3a890771cc35c3166312c8e231d4c9981122d70c23a96dc33c5c5be2f82255c6efd0b889884cc4cfa157bdfb2661c22a1f27ea65bea355540ccc04587e225e09b206c81b496dea635a43b31b96f4d6e0083bf32b7aa34404d0ceafda605029db326db5ea229850f30a97d7884dd3245097158b2ef11bc928959e1c63c31b8f53373a977c16a28b7d11dc353ae152ae210e6fd2b30c9b99b95e878bdb18bf1657eb7f046371d40db88e80c1603544aaf54096d67046e19e22112d499f76528a727e616743032accc101857a844cb770f74373da2566fa26f947ca501fc42d0c185869b841b6e242545c171dcc211239955c5463ae0b979675372a164752e2c2566270ef8732a772fdbd1707b99b86fe861f9aff82002d43ec4c875312f5361f12aa58bd4b7409b7a896a316117d3fa8094587ef0c10330f2cc8a2933ecc0604b5d32d5eb2a85a2edb97b302b44781798d687510891529d4a517a857ccaa86f83c36c14b882e254ca55465771772e5e3823d3a8cee5e184ab66a1ef3577b8eb979af47e2225b700e8ed30abcb3143080a032c0a7095b6d7f30b156b4c2f4a70d7996597780622518bcc35445baf689b261c7d12d7bde0b8c582d5e0ea3b756b83320d6a32b7962913346aa5d5e60ae84129b8b188e922d6a56fcf0e4838a449d40e9309c1e197c9e4d312570f0c0cc6e6a118ac75163c6d959959f4aaf73f84bc476e5da3a7c99d08c26d72d5bc91bcba6336c1dcbb05a35143cb0980196d86b65ca0a64c7bca0130d55c7483b317318cbb08591bcc22ae82beb32da5637d449587cc6de54b9c918b5f708f437d49d577d485192ea240c9cec129ff001c5d74fb4cdfd52bb8206004d8b6c381ff00b3e7fd34a1fc98f77dd406cbeb897f9305fe547fdfa1ddf6a3ec7ed2ae24687496793ef297b26f52fd4fb4ee33b8a6e5f17e8abce4fe216a9057c8991f27ee015061a89b62ccb72d5c168512d591a9534c170aac4b5922a336bb980736c40d5d5dc2c5256986ab6c769b0ee19d2f25a872042ac31729b8894913a4c42692fce6015151a82ba4839cca7798452da0fb1194430ddcaeed977e654494787da1ddf62347f04ff828d5fc08b6dfd3171bfb498b3f652a0fcd48f03d56ab2b8be1972f8b25df1df172f963c3fd2a7708b7f104b97dfee5c73017700a8baee381633a25ecd16a2cb50cc69771a902f8a86789961a0e60b4a6ed60a0023a83b60ac4f31788957f119c5d51700baccba2043e32a3c0be25f180f8825ca30f7c420685673013cdf71e2c961c2f8f709d02352a3460a8eb86e7b3f4c18b2e39e1c70cea13b8b2e5fa158fcbf5033371e03f7161f1fcca633b81484cf260d22d1a80a739563026db3502cb483e812e666a55020566e069bc8f442b82bdba9b1453553031502e6ae17b4a8436f15d4dcccb42bb8846e51d449968b8e69452d91d30c2007544d4207c4181bd910b4f946d08c2e06531b8a92cb88d9c5c711bbb8b98c23b9550e87e9e1f5f52e5fa5e1fd2fe097508fa93f72947da0da1010314061842a7aa2c953e10a65b8b8c5fbdc5b417972cb14662a8aba88d167c751402db237294235232e1793f5457684606e28f52e965cb7de540433d42788adcb3ef10955a95a82a5ccb1a6e106fd4d385ad317b31504b994386f81c95afe68b7c04aae31cbe977e8c0fdffb95b4c853695f79557b23bb20615b8236c417023bd6e10abab97a22ddec662a335d8a99374f7801a25d310db8bbea7b44885c160056e52a673b8efb3e603575faa5077306b70c71b616863735ed0c6bde91d970cd4ea62b0c6a5130d32eae164c37304b7b973dd2862ef1a9dd45098119d95364abda103118ff00e04cfa1ff5f99dc5bf847ed509d0f130416a177ed10dc7798cb34e4d407ee24d96fa32bb3a8f614cf90a8a9e22b552baa814aaa486c7303f07ea8af801dca0a254be19b3a802b792c5b0e7189b41e98b52e2c4952a608860510311c6063c5d46d16366254e219d44e52bd58bd13ee4be02d8ebd9fe506f31527dcfd313f63f50b53a9e3dcb09990233b0d6e0340771b12c8af27011dbc6a36da772e66c91db9456769105bd75889a525168b132cb0fd7f040b88199624b2305a16cd5141b9907ef05d1a771aa35d17c331dcc75cd4ab8cfc6a652d3aa8288c6ed331eb32dda8a187382c1d7ec8c2118ef8786e678be7be06a61bc0831e4f7fe195b69c1fa81982918da7b4c28256ab896208e2e5ca000f31171544f07115de2a02ea198332ed76597164199111ab7451f68a9cc5a350d41a9623cc58ea59d4d42a38b2b317c4cf8b88308aa8c54b4524448be6612216a58da9e687a9ccb98a9c07e63dac4b1b447f6e4231e2a24faf2cdf172e752e0e8099992feb4c55f43f50f9e157bcb211372941a20d782597e106a5188d081f987079dc49b2a562b2961ab2cba18aa89466b7c2fed11f106ac86a0b958a4aca0221fa24c23e638dcab81502e23e25575295d30515887c70ca2c519ac4da2d8b2c40ac5c3ee62d12c6e83f9894b3ae1e37a89454654654a8ca2572ae8d01f897995b3eebf89f9f06a2a4df528a802208b9d17882d8823740e88d51d4bb87681b262ddb5b882f6476b771be97f52a0f68170988a2c5ea56141ef316a597042fe204bc3e21e289f88ac997c62286988c844dc880cc65d41b922198a81156c036c066196e20dc022043cb868c1a3fb8998cee318707d2f17c2cb3fab52ae07e5fa993fbb8d5850f6e04a12fb25995151aa57b83b5c01905952d554ad09a7da6bf78d2b700d61ee154b199707c0fd4e8846303c58a1ccd8252362789710a9458bb6008044fa4c742e50f694d119810aa0d36895a7507cdc5dcb3068cc61681946e300ae059d44c41b45ccb98c0cc2afb84a8f0b3be18ee3cf5c7d1e5623b6f67e88332feeea7e725c553da18611a0c32c1b465e6157db300687ccb1c81371425f5dc6c0efb96211161a0f96375f0250c7708ca1b663e46a2ac456398239c252c916712fa310dc1954a4ce2505184412a597056bc4d608f6b2da93a739855557b4075196d01311175003516a0f89762ef162f1dc0b94c711dfa1951dcb971cc57f4f2f33edc7f6476dbca5c0af7e2930edc4edb8acb658e742df304e4c18b250b92e54ce3d8975c6bde1634bed8ea9dc77e0b8b83e0e588019ef8cf8959812ab8b830a750c0e30031692d9441b43e92a6cb3c46462825a2a13139383b962658639d414a0e88f3e4975ee88e6b865fa55bfbe0e62bb3c7f08fee223eb28f862a8a1a716cc8cc15506585be7da0b1c5fc43451af688c66d9a2ac0549b32b961ee8543ab26a7c4c2010beb3ca4e81c441b220e8804b80eee64ee03a816888f13da947529e2e1e68b3642777087105c734129ec202a21a947d630a27c2242515bfd51c87c11e351e78d1e96ab72a57a32f324206be010b93efc66665cc93293a2e04d8c1a316b3e35b0104cc0d08705872c641ad4b5d46fa6954d542fb817511b4b627548b742a065652f00a20696b1e664e3f7205c328c597c6f72abe528f112186ec6d18b5ee3280f68adb71465dfd7c4e9f11e18352ee3ff95cb879fdd07330b31b7e59e5f7970a8461adb80398f8928f66666cea50ee99b058bc6166d716b5325ccfde3c0966a016917e2e686ea099d473e06d99cb5ee4062f850c32886d7a63963612d30bdbdced094748c769f076c01542b172ee0665475c9878019736a96caaaf32915dcb8fcfeb674f8e19dcd3d35e65f2c23e8be34cb879fd8cb8abe33f9e02418306e0d30495ea2b68620db50162d59322a98f5552f74cb0a8e68a8711e3fb896b2837296589b558ad1f68821b170395705b05cc36866f2c18743477501ca2f35d7cc5100a4c171595ab19d31821d074f781d0cf94adaf805999ddb5648bd372db116efcf24ae37194782a70bf31115cf78bf4b0d3e22e58ea5c73c3eb79403f11db79fdcf0d0fb07f0c350970828f05c401759b81e952dd77057b3a8c3ed12b05ccda8f993a6912f31fe69830099b8d2271d91b71622b552e5d8970aa0b55b9a4288dddd5e20da6a270150212a6938b3b8c76b9438616e05b2bb8284b45b8dc4aed6a2cdda2653de5ead6375fb40082b1031c5d1cb96fc4cf0986611b13c513ec635edbfa22d07c4bbe13d15cbbc6bd0b2e2fb515dbeefef8c1efa7ed0fc71df032f1882df750aa3cc2ef788aa7b4a5d1d41b642f182508e0c4be27b4c1f89e3a051a253818a545322cc8ea1bec2109268e9977602b2469503b5d46b02ca1818aa3efde2ab46601f1082c002423e6bc0f64a360ed8432516e5aa8258301ad44140630373e50ce4010319400292305c460a45376c75abb67e20b95c3eb63865fa3d867fa8e89744c57c4660c183c14d407d61596c58132b5c59d377ed1b51d52c306e5df72a0bddc47453a86cb59936c7afa6330545b202b2c64b4cc24bcacaf11914b80451a536250a23fa1379361b7c92fdf56902007af0252d360d9311f736742cc24bc2ee201a2c08680ea1f0f68417dc0ec62059d626638917de1e55b57448f60663251e0b9a8665982d9ee711c03b187e82fdf0b5ebaa65c77c7db8b8a9bc7e89d26e2fb2fe9160e259972dd3097df708a21ed16928351dca35b8af31656198c3e65c73dc28d331dd0fcf94c160128599204a6c698a2e762c4cddde48c834530bc5fb0ba824a2d2751d152fb4ba41ab118f096507709a63c8cb24dc65b18ed072dc45f25d4d283c34c1adc6d1052898f9872ada519ea0c28746e60cb2adb8ee2e0cda932a99ee6003dc343e0bf31dc657a56a5c79cbc9d9f1faa600f68ea6afb7f0706a0fbcf98d1a97097044c88398c7231a58241291d7cd2d0162a6b2cac154014d400c182a959ee5a632fea20811721b984d3a972ca8d8288a9816a3ef076173710223329c20b4ea51ed4dd547b33b8540b0e0c9513694cac456e66078305b071aa353b80618e60b28661aaea52d187d9bf7318b2e5fa18fa3ef19dc267f6ae1771fd33f6264c3c1a8ba971c4ea5cb4b62a378c1e653698adcc18820e18180d9365b750131aafcc502b615bafc41ee201976f03b998ab39ee1ed15ef1e2133c6275db0ee1d6a096c20502837733de6b3528e4171a215960ea18329e60910756d42c2b0d51d3323916e710fb60ec98140ab16a2fb74cf7393f2c65c3bf53e9b65c76bdd19f9d1503da165cb831dc772cee3470b46b5dc18d4a6532955d4c3ed08e2ee17701d435702e8995a6a0cd911a0751595cb3da55c0cc1cc5be02dd4a07bc1cdf7318ebe26269f98cc1a1dd4a4d94c5be206d289096f0b2b0cc503b1867423b63cfa2b5126ecd6999e9b6b21d0aaca7712072ddd436c9fb4eaedb84b70ad421464bfee2e3ff004fa9c5c7f529f99b6269fb23a57bc1f74cf39e2f32e3078db3290a16e3dc40d623c42e28a96297be2c6229607bc445e108501457cc0b871097536c7137060aad7994697702ad866efde6278940fc669e21b0698d3481dccad3b8252feb108296cc589adfbcc2c14b3c4c826eb32e6f2a5bcdcbf4ee571673f681f9e331f222b6aecfdb3297c32e0f17c1ae2e9968767518a62b57d454b158af72e37b97963ebcdcdc219710dc61377507316e5dd4c0839efa8a6329002348da3dcb8aa5c0b4370856cbd7882e5f2dbf880b288e3a9f29f99cad9e9b9708a69b8310bee3c2fac1f98a65f1a5d6feb72e32d25c5972e5f0a896f0f031b623a6fc4733066a3d1a17777113f344ee3e820b700bb8a3178948658d16f7cd1da8c54172f06916f8bd60cbb6ab06b1a9a0b8331803333b5ddcac96df53f2bff0781e71cd0cbdc963fa4dcd1f3fbb95972f875cacb9706e5dc18b161f88b8a831a82268f69dc0a55959c4787442665a4dd4598c2a3b368b38854bee2157b8ad70ef8a595537234d173b99018dcaa86515bdc30af5bb9d71dfa2e2c5e7f926917d2b7f117f53a4b97e859b97c6e504bc4b972e2c5b7da39611971b02a92371bf3cac1e1cc1d4ba6225b351b84b6b961d50454b805177df1ee82217717a86e08b33f939254ae2a57151f4d07e47e9e301edfa269ff587abae4e2f95968b17ec47702a2315a1994ada8e3504108c2308bc9b8a14e0e0a9ef2a34784fa4a6230ee3791996bbb32d72cee0c677c0c771d4be2e3ea5e3eaf0ca3ce6fe23b9bfe1bf11603fa0465f05b2a570b2f865c6aa2c5971fd8e1a086631a8a0aebc4ca216770a2288e731825936af5ce2a3e860331cc20d9ab4cee678fa7198ddf1d47d2b7d2ea57164b8cfac9fc1178a2fe9f24772b8197c9e162f0c5a2522c72be195c2fb44689b12ab49f57025dfa6f8772bbbcc7188389532a2279973ae486e98cbccaa19db0adb5ed3be03027e4e5f5570c6f854ff0053537a5edfb23a3ee5f96623af40cb964631bdcbbc4d4732eedf78aba896bc45ea3980d4a898194f644b8ab309ef3be6b9dcb9772a101f28b718b5ce65f997995162e5296571df0f2cb79facb971587f6b26507d90fc9334feb2e2e6a5dcb84b22f8971e0b16f8b88bcc6d7854cac094cd2512f32c66e5b7733ca0a835783302f9cf26254b96bf68d7501c3b8e78a11d71efc35185cc77332a54df2fa31e65f0eed646fe676ca9f20fc23bfeedbc3cbb95ea77c5c59551c89023b627cb281d92aed889510883289e06e21f59894718e30839b8f6aa8631772e3172db96f12f73a4fa25e2ae7bc7d0b8f43e8a8a52ef2d118be99fb6337379fde7e026a2cdf1dcbccbb9f8477c31e1988b19788d47d0c5983eec5af17c33bf477ce65c58a4b97cbc31dc254acc49dc65faae5fb3f6989711f87f270c7fabb8effb98e6eb1178793c5c58c58cb97c771e1712ef2cb97865077381c2f1f88d189798adf1d32a6a3c6f9332a3be1952e5cbe2f31e750e712fe63c2f8412a99f8fafb33107f6a8ea29fb959e296057a5e71179523c2d9609793ba96349bb0a0ba8a340206ed868d9dae820961b2fa6ae68e7cb4b70dbda6236912dc0bed1f604be9356910ba1a03e91119403592270216cabd2312c630f86525155e151c7815ae52c8b0bed3329e1e66803a0a95d5a726d5d9306617811ebde358453f3178b8b3a9d7a0f49e85cc1981959977b00fc715b7fba5327ec07e08c4e2e6f8be58e371d4751e1e5e52e54db938fdd9834417b19b9431f765275bf65554502eda7b86c89645968764b589d6a2c698f9525b16150023556a884b4a167328ef3b4ad3ab8342da43d6201252cc6e3b7de010c19ef4540c22a2b35d08ee19d05a4dd11d9e140f984000557752f32ff00f025f16465465cb9f6862a0ce2772c0757d477f39fa8cf81918c0bdff88b89e03c2dcbe7a97163c2e591b94dc6e5c679e5625c31173c3c1dc73e958ee399750a459731531352e75cf5cf71952b32a8c7207147f59f8b34f9a97fd2fe26e1cbc563f427e7a5b61d542aa2f0b515cea2e1785cdca95162ca8b52e35163b8c59572a2d45f3c544c4eb84f03ed1ceb97d35e865621cf5e9b971f821b3f2a0adaa08197a71e7735af67ef0afe7fee0e58ce9c244a384bf42d45c4b9f58bc3b8a3ae18118ea2f986a5c58c23bf43cbc3cbbe35c389702ce2a75c3e8cc583a6860d075894fea1734cebb97af9133bb77fdcf989df53b8cb83062e62fb4c471c1be18b7c3ae165af0af372ef86a1a9530452b877e8c714cdceb95e632e6e188ad2b332e6b1ef33c63d0f2a596620b65633a8be57ee9d21fa20ce5e42cb8f2eb8b4b97887a162c5e1d71813716a2dcb8b1423184b8ea5620d4b23a8f2cac4aaf413b9b973a9d42f82f1708fa15b9748da65f64769da7e654c68ebf623b7c462df0cb8b2e5cb96cb62b18b2e2cb9716233ba8b72a5f1dc7da2c18b2e291b9f3197ef2f13672a57a4f7963351d33a9508699be0e1e6f8da6a86bc5cccf95fb950d3a31fca8a45e16a319380cb8fd92fdf8527b9171ef1b472948a4b964dd9718bf318bb97173c2cb97165cc3b973a842e667a9f30972fd1492e12e7708e39b8e78cf2ec3fac4fcf4edf98ea61f1c0143e396319ae3a60625ca4588c609845be1a31cf86f19f9cbb8b8839968f217118d25cb26b82c194a977a4b8b2fde525dcb8b532a4df37062cbe06a63865e62c1b7ab63f644fc4326752ede744a9d6a2c5948be832db1b375184458c3184670958c2aa0c57e92f85e69bccb8bc2f3e92c7a4c3ae584b9707a9707ccbb972d97c5cbccba977060e2c97b9753be2e623a3e23d86fd52f0f88b107c3fa22c58f1a8f48e785ea0e512c0923ab1d9b200814c005ac2c715214912bc934570bf3187a33b5a42a10c22524c110bf12f3d572358c05a816acf7a29baf9a9f28b2150687c44b2ba0db004da41e19770d882f40372e58edd1a6218ba100e2697d42f81605a7e91ab200dd0cc0e94aca8a213feb76be44f95c59714019732f8cbd4bdc585a414fabed0b6a285bd0d92ba8ec347c90d4480e431686bad40572adc67714779c07bcb8f582c3721be8a0610d290749709531428310a4a840a7e5160df1dcb86423fa95888a3e2398a8fc58c30b1631cca961c1d2664e039938a85c3512be5fb8ae76f379ca7ccfe6983117f502029dae27ad0582ea022246fa8f8edbafe024554b6d5825cbb9617594d58b956befc7897e614a1d05ad546e26b40ba8bfbbdb0eeb30fac22f02f6aaa92fe92e18105c037b83947542fb22cbe2514fb565c6f72b8002e9cc555763f88413bda53dd45b6e13655ec4c70d2226c62c7e57f3071501502d34076c5800baa5ff8c7164b1795ae34a9d688ab6f1f12a0049343c91c8cf2464fc477cce5b53f754300e4b0c58bb8baba3b968e057e616a2949eca9476aa8f6f3c12e0f039af1854abe54713bfacc037d7ec70c632e0aa2c61e1f88274b2acf542f8a1daf0fc4522896b148d91ac0f69612aabd87f5868505516d199402b44b222f241f500622d5e866507c3076653b8c00eb910eca3f047661815b1d0b299ababc7c47fa972a9ea0364185bd477fd1cb05cc3a2ead9bdc817c3b9d9caef2b514a3245c37e215cdd63cce8e6c9654772c9ab5d4332b54af6e67bdf72b73e66b8e15a5a0a2e0226aeb8e8bd13a4f7dcaf350790d11e94482a83a87cc3e58ea176a54f04584a1356441170f755e9970b4240a87f32fbcad1b7de248108764523157f4752d0184bd5d937882ad5a2642534028d41e0f566fba086f76bf98c3f9025c9f30b18f38e147b812aaeb5508f25020a53de6192f1e20b546ae4450cff60f69570a9b4ac43e63197661782ac1a462a40a542664556d5ef9d38020d331b28bf99b8241e2159b4000c91ca296af6cfb903b79ae1f17028b5d12d5552955592e3c414ed5fac651eac7abaf411675c5f0717897ef19e12a385f07e67699fc4fdcddf3fe5c2ca838b8b1533238297cac5f55c5e6b3e9c9c2dbaae2f9b9efeaef83ff0013939372eba832bcb5157c9fb71a7ec8b366abf6632ea3371e166f98b88e3e865f0cbf43ea65cb9d7a09dcaffdce4e752f819f688a75542547e4a2c5f65167fd7716531c45aa94497772dd70bce62232f858f2fade5402a37d7719d717ff00b9c1c5fa4df1a66de0c4c42abb8ec7e58e83ccb2a750d76662c71d8fc4b269ba9766e31d4b8b1e22e62b998e78dfa7bf43cf5c67ff001bf475ebefd5df04be34fa2df30fa748941793fa8f71fe7e285ddcdcba96fd6278788b1368b166a7cf0bc6bff94cf352a5cb839dca94f87ed2de1bf8837f8a0bfe099779e6a7d67bbf620bb98bff001405d59f8530ee1477f554e8ca9ec855808f07d859f16a68f1f620068298e8fcff0009786013d61fd4a0bc910c862b5505343e1a0663ec4fe6380fe87f996f3f57fbcffa68a747cc9cb3367a3e657f89435f858d7fcac59fe597ff0064feb65ffdd2bfef8ffdb3eafe65ef3f7a7f7b2ddfdf67f45cfea19f17d99fd2d3fa5e7f529eff00bd958fe6bfbf795ff83fcc47b7ed29c74f64cfa8bfa84abaff005f13fe8dfe20fd9f54f2fc1961fe4499b4fba7f4b7f987b7f6ff0098a3a952458f150a574fa7fc448c8febe21e3fdd16dfde53267ef3fccaf149abb5fa257fe844b9a97b3ee25ffdccdbf8e51a0fa4f73f114ee45b6bef2cbb65fbc75f044a7abfea7985141a48177bf72e7615f2637aabf4455873dfd999abf3218d51ee7f9a0795bd9201ebf9c6793e513e2689f755a0eee514f36e115b730090f84a9144697afbf29fed4a7fb12b7b7df3ea7d51f63ee9fd8b1bc5ff00865a4b7fa50d5f873e37d13db7d8963bf04ffbc9ff005229b7f79ef3ef2cf6cbe3ed3a978ffcaf9be68e17628feb17eb8772e5e7865d79b96dc5ea31e1e0cf3cdf37ff008b2a3eaea5c5f412b9be3cdfa08791f68799fa4174ff0048697d98bff787867d60fe3f588d846e8fa10eefb501dafeb3b6bf2f11ed4130c6b55bccb2d3f90617bfeffed07f9e44eb7d530077f8ff0059a84f894777f832c7f211567e8c0ece0fa103bb2faa6e0bea9e4fbe8ffb747fdaa7fd14ff00b28ffb94ff00a29ff753febb8b7fc39ff165d9fc33fe2cff008f2eff001cbe62c31eff0079fd0c3fd843feb87fdf04323f5e24effb6cae03b0c7b8fb43fd0c03b67fdf9e63facf62007781e73f978585afb300ff000400683e902d0fb4ae09f32a627cf152b1ef1254a8ac3ed18bc04aaf47d09f446c5bcc773c23179a892ab8fac78df15cd72cc77121ff00954a950815ff0085f1b8d1e8d4b65d545bf42af1719734e3e3c16632bd1f489eaa8ee67d2f0ffea10e3a87fe4fa3eb2952e5f0c66611dc7517bcd22c7bcef71c7d37e865c65ffe0ffed7061bf4d7a7b9d7a167d2e5e62f17cacb97c6b147b94ccef2fd0b997515ba267b97c57a71df0c7d57c5cbe3bf5066e0fa7ae1e6f8ae6ae274afcf372e5f167371adc6cee4ef16657372f31483572f9b8bc3c77c2f0cc7a0f45e63c5f17c9e9ba9be7ebc1b8f1d4b99febe878351e594a8a8679457377d0efda5122b44aaf532e5f388cd9c625918707a3bf490e5c73a9df1dcdc7938af725cb8b8a8b33733e86778ae3e665cbcf175a82c5b9d465cb8bc5f37c3e9bf4f8e2b8ee1799adc3da12fd1a98e737e81ea57152f85e565f1750238da8b73126fc32b3165cba83e8ee3c242270c6570c25e65e67c4731c41c7bf37c3ae06a5c25f092e6e5372f33be2e30950975c5c60cb9b972e5c66b1e2631cdd2f85fa9e1979e2c972d9b8fa6f8ee593b8e618973336cd32f10f308678ea5b1e065cc4ee5f3a97c7f752fde5cbf7972f32f32e75e25914750ab98ab31c4a5462e2cb96cb58cb97897cdcb972ee31df179ae2ea6764b832f10972f1ef2e12e5e62c407d61e65f17a1ee620db7d4b9ae2e5cb973eb2e7d1fb4fffd9, 'jpg');
INSERT INTO `exam_question` (`id`, `teacher_id`, `question`, `a`, `b`, `c`, `d`, `e`, `picture`, `type`) VALUES
(6, 2, 'If a = 1 and b =2 what is c?', NULL, NULL, NULL, NULL, NULL, NULL, NULL),
(7, 2, 'If you are not stupid, what are you?', 'intelligent', 'powerful', 'rich', '', 'poor', NULL, NULL),
(8, 2, 'What is the name of the currency in Ghana?', 'kumasi', 'akwaba', 'cedi', 'kigali', NULL, NULL, NULL),
(9, 1, 'What is the name of the president of the federal republic of nigeria?', 'Ibrahim babangida\r', 'abdusalam abubakar\r', 'Muhammadu buhari\r', NULL, NULL, NULL, NULL),
(10, 1, 'If a = 1 and b =2 what is c?', '3\r', '4\r', '5\r', '6\r', NULL, NULL, NULL),
(11, 1, 'If you are not stupid, what are you?', 'intelligent\r', 'powerful\r', 'rich\r', 'poor\r', NULL, NULL, NULL),
(12, 1, 'What is the name of the currency in Ghana?', 'kumasi\r', 'akwaba\r', 'cedi\r', 'kigali\r', NULL, NULL, NULL),
(13, 1, 'What is the name of the president of the federal republic of nigeria?', 'Ibrahim babangida', 'abdusalam abubakar', 'Muhammadu buhari', NULL, NULL, NULL, NULL),
(14, 1, 'If a = 1 and b =2 what is c?', '3', '4', '5', '6', NULL, NULL, NULL),
(15, 1, 'If you are not stupid, what are you?', 'intelligent', 'powerful', 'rich', 'poor', NULL, NULL, NULL),
(16, 1, 'What is the name of the currency in Ghana?', 'kumasi', 'akwaba', 'cedi', 'kigali', NULL, NULL, NULL),
(17, 2, 'What is the name of the president of the federal republic of nigeria?', 'Ibrahim babangida', 'abdusalam abubakar', 'Muhammadu buhari', NULL, NULL, NULL, NULL),
(18, 2, 'If a = 1 and b =2 what is c?', '3', '4', '5', '6', '8', NULL, NULL),
(19, 2, 'If you are not stupid, what are you?', 'intelligent', 'powerful', 'rich', 'poor', NULL, NULL, NULL),
(20, 2, 'What is the name of the currency in Ghana?', 'kumasi', 'akwaba', 'cedi', 'kigali', NULL, NULL, NULL),
(37, 1, 'What is the name of the president of the federal republic of nigeria?', 'Ibrahim babangida', 'abdusalam abubakar', 'Muhammadu buhari', NULL, NULL, NULL, NULL),
(38, 1, 'If a = 1 and b =2 what is c?', '3', '4', '5', '6', NULL, NULL, NULL),
(39, 1, 'If you are not stupid, what are you?', 'intelligent', 'powerful', 'rich', 'poor', NULL, NULL, NULL),
(40, 1, 'What is the name of the currency in Ghana?', 'kumasi', 'akwaba', 'cedi', 'kigali', NULL, NULL, NULL),
(41, 1, 'What is the name of the president of the federal republic of nigeria?', 'Ibrahim babangida', 'abdusalam abubakar', 'Muhammadu buhari', NULL, NULL, NULL, NULL),
(42, 1, 'If a = 1 and b =2 what is c?', '3', '4', '5', '6', NULL, NULL, NULL),
(43, 1, 'If you are not stupid, what are you?', 'intelligent', 'powerful', 'rich', 'poor', NULL, NULL, NULL),
(44, 1, 'What is the name of the currency in Ghana?', 'kumasi', 'akwaba', 'cedi', 'kigali', NULL, NULL, NULL);

-- --------------------------------------------------------

--
-- Table structure for table `permissions`
--

CREATE TABLE `permissions` (
  `id` int(3) NOT NULL,
  `type` varchar(2) NOT NULL
) ENGINE=InnoDB DEFAULT CHARSET=latin1;

--
-- Dumping data for table `permissions`
--

INSERT INTO `permissions` (`id`, `type`) VALUES
(1, 'SL'),
(2, 'UG'),
(3, 'LE'),
(4, 'AD');

-- --------------------------------------------------------

--
-- Table structure for table `permissions_assign`
--

CREATE TABLE `permissions_assign` (
  `id` int(11) NOT NULL,
  `person_id` varchar(20) NOT NULL,
  `permission_id` int(3) NOT NULL
) ENGINE=InnoDB DEFAULT CHARSET=latin1;

--
-- Dumping data for table `permissions_assign`
--

INSERT INTO `permissions_assign` (`id`, `person_id`, `permission_id`) VALUES
(2, '2008287481', 2),
(1, 'b', 4);

-- --------------------------------------------------------

--
-- Table structure for table `person`
--

CREATE TABLE `person` (
  `id` varchar(20) NOT NULL,
  `first_name` varchar(40) NOT NULL,
  `access_level` int(1) NOT NULL,
  `last_name` varchar(40) NOT NULL,
  `middle_name` varchar(40) NOT NULL,
  `password` varchar(40) NOT NULL
) ENGINE=InnoDB DEFAULT CHARSET=latin1;

--
-- Dumping data for table `person`
--

INSERT INTO `person` (`id`, `first_name`, `access_level`, `last_name`, `middle_name`, `password`) VALUES
('2008287481', 'Oluoma', 0, 'Aduchie', 'Precious', '5baa61e4c9b93f3f0682250b6cf8331b7ee68fd8'),
('2008287482', 'Camelo', 0, 'Ferdinand', 'Anthony', '5baa61e4c9b93f3f0682250b6cf8331b7ee68fd8'),
('2008287484', 'Amanda', 0, 'Faith', 'Akpan', '5baa61e4c9b93f3f0682250b6cf8331b7ee68fd8'),
('2008287485', 'Israel', 0, 'Adebayo', 'Lawal', '5baa61e4c9b93f3f0682250b6cf8331b7ee68fd8'),
('b', 'amaobi', 1, 'Obikobe', 'Victor', '5baa61e4c9b93f3f0682250b6cf8331b7ee68fd8');

-- --------------------------------------------------------

--
-- Table structure for table `session`
--

CREATE TABLE `session` (
  `id` int(5) NOT NULL,
  `name` varchar(10) NOT NULL
) ENGINE=InnoDB DEFAULT CHARSET=latin1;

--
-- Dumping data for table `session`
--

INSERT INTO `session` (`id`, `name`) VALUES
(1, '2018/2019');

-- --------------------------------------------------------

--
-- Table structure for table `student`
--

CREATE TABLE `student` (
  `person_id` varchar(20) NOT NULL,
  `department` varchar(40) NOT NULL,
  `level` int(3) NOT NULL
) ENGINE=InnoDB DEFAULT CHARSET=latin1;

--
-- Dumping data for table `student`
--

INSERT INTO `student` (`person_id`, `department`, `level`) VALUES
('2008287481', 'Computer Science', 100),
('2008287482', 'Computer Science', 100),
('2008287484', 'Computer Science', 100),
('2008287485', 'Computer Science', 100);

-- --------------------------------------------------------

--
-- Table structure for table `teacher`
--

CREATE TABLE `teacher` (
  `id` int(5) NOT NULL,
  `person_id` varchar(20) NOT NULL,
  `course_id` int(5) NOT NULL,
  `session_id` int(5) NOT NULL,
  `duration` time NOT NULL DEFAULT '00:01:00'
) ENGINE=InnoDB DEFAULT CHARSET=latin1;

--
-- Dumping data for table `teacher`
--

INSERT INTO `teacher` (`id`, `person_id`, `course_id`, `session_id`, `duration`) VALUES
(1, 'b', 1, 1, '00:01:00'),
(2, 'b', 2, 1, '04:01:00');

--
-- Indexes for dumped tables
--

--
-- Indexes for table `answer`
--
ALTER TABLE `answer`
  ADD PRIMARY KEY (`id`);

--
-- Indexes for table `assignment_answer`
--
ALTER TABLE `assignment_answer`
  ADD PRIMARY KEY (`id`);

--
-- Indexes for table `assignment_question`
--
ALTER TABLE `assignment_question`
  ADD PRIMARY KEY (`id`),
  ADD KEY `id` (`teacher_id`);

--
-- Indexes for table `course`
--
ALTER TABLE `course`
  ADD PRIMARY KEY (`id`);

--
-- Indexes for table `course_registration`
--
ALTER TABLE `course_registration`
  ADD PRIMARY KEY (`id`),
  ADD KEY `CR_reg_number` (`reg_number`),
  ADD KEY `CR_teacher_id` (`teacher_id`);

--
-- Indexes for table `document`
--
ALTER TABLE `document`
  ADD PRIMARY KEY (`id`);

--
-- Indexes for table `exam_question`
--
ALTER TABLE `exam_question`
  ADD PRIMARY KEY (`id`),
  ADD KEY `id` (`teacher_id`);

--
-- Indexes for table `permissions`
--
ALTER TABLE `permissions`
  ADD PRIMARY KEY (`id`);

--
-- Indexes for table `permissions_assign`
--
ALTER TABLE `permissions_assign`
  ADD PRIMARY KEY (`id`),
  ADD UNIQUE KEY `permissionId` (`person_id`,`permission_id`),
  ADD KEY `permission_Fk` (`permission_id`);

--
-- Indexes for table `person`
--
ALTER TABLE `person`
  ADD PRIMARY KEY (`id`),
  ADD UNIQUE KEY `name` (`first_name`,`last_name`);

--
-- Indexes for table `session`
--
ALTER TABLE `session`
  ADD PRIMARY KEY (`id`);

--
-- Indexes for table `student`
--
ALTER TABLE `student`
  ADD PRIMARY KEY (`person_id`);

--
-- Indexes for table `teacher`
--
ALTER TABLE `teacher`
  ADD PRIMARY KEY (`id`),
  ADD UNIQUE KEY `unique_set` (`person_id`,`course_id`,`session_id`),
  ADD KEY `t_course_id` (`course_id`),
  ADD KEY `t_session_id` (`session_id`);

--
-- AUTO_INCREMENT for dumped tables
--

--
-- AUTO_INCREMENT for table `answer`
--
ALTER TABLE `answer`
  MODIFY `id` int(11) NOT NULL AUTO_INCREMENT, AUTO_INCREMENT=25;

--
-- AUTO_INCREMENT for table `assignment_answer`
--
ALTER TABLE `assignment_answer`
  MODIFY `id` int(11) NOT NULL AUTO_INCREMENT, AUTO_INCREMENT=4;

--
-- AUTO_INCREMENT for table `assignment_question`
--
ALTER TABLE `assignment_question`
  MODIFY `id` int(11) NOT NULL AUTO_INCREMENT, AUTO_INCREMENT=5;

--
-- AUTO_INCREMENT for table `course`
--
ALTER TABLE `course`
  MODIFY `id` int(11) NOT NULL AUTO_INCREMENT, AUTO_INCREMENT=3;

--
-- AUTO_INCREMENT for table `course_registration`
--
ALTER TABLE `course_registration`
  MODIFY `id` int(11) NOT NULL AUTO_INCREMENT, AUTO_INCREMENT=10;

--
-- AUTO_INCREMENT for table `document`
--
ALTER TABLE `document`
  MODIFY `id` int(11) NOT NULL AUTO_INCREMENT, AUTO_INCREMENT=7;

--
-- AUTO_INCREMENT for table `exam_question`
--
ALTER TABLE `exam_question`
  MODIFY `id` int(11) NOT NULL AUTO_INCREMENT, AUTO_INCREMENT=45;

--
-- AUTO_INCREMENT for table `permissions`
--
ALTER TABLE `permissions`
  MODIFY `id` int(3) NOT NULL AUTO_INCREMENT, AUTO_INCREMENT=5;

--
-- AUTO_INCREMENT for table `permissions_assign`
--
ALTER TABLE `permissions_assign`
  MODIFY `id` int(11) NOT NULL AUTO_INCREMENT, AUTO_INCREMENT=3;

--
-- AUTO_INCREMENT for table `session`
--
ALTER TABLE `session`
  MODIFY `id` int(5) NOT NULL AUTO_INCREMENT, AUTO_INCREMENT=2;

--
-- AUTO_INCREMENT for table `teacher`
--
ALTER TABLE `teacher`
  MODIFY `id` int(5) NOT NULL AUTO_INCREMENT, AUTO_INCREMENT=3;

--
-- Constraints for dumped tables
--

--
-- Constraints for table `course_registration`
--
ALTER TABLE `course_registration`
  ADD CONSTRAINT `CR_reg_number` FOREIGN KEY (`reg_number`) REFERENCES `person` (`id`) ON UPDATE CASCADE,
  ADD CONSTRAINT `CR_teacher_id` FOREIGN KEY (`teacher_id`) REFERENCES `teacher` (`id`) ON UPDATE CASCADE;

--
-- Constraints for table `exam_question`
--
ALTER TABLE `exam_question`
  ADD CONSTRAINT `id` FOREIGN KEY (`teacher_id`) REFERENCES `teacher` (`id`) ON UPDATE CASCADE;

--
-- Constraints for table `permissions_assign`
--
ALTER TABLE `permissions_assign`
  ADD CONSTRAINT `permission_Fk` FOREIGN KEY (`permission_id`) REFERENCES `permissions` (`id`) ON UPDATE CASCADE,
  ADD CONSTRAINT `person_Fk` FOREIGN KEY (`person_id`) REFERENCES `person` (`id`) ON UPDATE CASCADE;

--
-- Constraints for table `student`
--
ALTER TABLE `student`
  ADD CONSTRAINT `reg_number` FOREIGN KEY (`person_id`) REFERENCES `person` (`id`) ON UPDATE CASCADE;

--
-- Constraints for table `teacher`
--
ALTER TABLE `teacher`
  ADD CONSTRAINT `t_course_id` FOREIGN KEY (`course_id`) REFERENCES `course` (`id`) ON UPDATE CASCADE,
  ADD CONSTRAINT `t_person_id` FOREIGN KEY (`person_id`) REFERENCES `person` (`id`) ON UPDATE CASCADE,
  ADD CONSTRAINT `t_session_id` FOREIGN KEY (`session_id`) REFERENCES `session` (`id`) ON UPDATE CASCADE;
COMMIT;

/*!40101 SET CHARACTER_SET_CLIENT=@OLD_CHARACTER_SET_CLIENT */;
/*!40101 SET CHARACTER_SET_RESULTS=@OLD_CHARACTER_SET_RESULTS */;
/*!40101 SET COLLATION_CONNECTION=@OLD_COLLATION_CONNECTION */;
